date,temp,feelslike,mintemp,maxtemp,humidity,windspeed,winddeg,weatherid,weathermain,weatherdescription
1/1/2023,19.64,18.94,18.98,20.02,49,1.54,0,800,Clear,sky is clear
1/2/2023,18.05,17.27,17.18,20.02,52,3.1,20,800,Clear,sky is clear
1/3/2023,18.75,18.22,18.29,19.02,59,4.12,360,802,Clouds,scattered clouds
1/4/2023,20.54,20.11,20.13,21.02,56,2.1,60,803,Clouds,broken clouds
1/5/2023,19.67,19.57,19.15,20.02,72,2.6,40,803,Clouds,broken clouds
1/6/2023,23.04,22.52,22.85,24.02,43,6.2,10,800,Clear,sky is clear
1/7/2023,22.32,21.65,21.01,22.66,40,2.6,20,800,Clear,sky is clear
1/8/2023,22.93,22.64,21.01,23.4,52,2.1,280,800,Clear,sky is clear
1/9/2023,23.42,23.49,22.01,23.69,64,2.6,280,721,Haze,haze
1/10/2023,22.91,22.82,22.25,23.61,60,3.1,350,803,Clouds,broken clouds
1/11/2023,20.44,20.84,20.01,20.62,88,2.1,320,701,Mist,mist
1/11/2023,20.44,20.84,20.01,20.62,88,2.1,320,500,Rain,light rain
1/12/2023,23.21,23.62,22.01,23.42,78,2.1,160,701,Mist,mist
1/13/2023,24.9,25.25,24.13,25.56,69,1.54,0,802,Clouds,scattered clouds
1/14/2023,29.15,30.39,28.01,29.85,54,3.6,290,800,Clear,sky is clear
1/15/2023,20.24,19.99,19.66,22.02,64,6.2,50,803,Clouds,broken clouds
1/16/2023,14.14,12.76,13.58,14.62,44,5.14,10,804,Clouds,overcast clouds
1/17/2023,13.57,12.39,12.94,13.9,54,5.14,360,804,Clouds,overcast clouds
1/18/2023,15.05,13.76,14.54,16.02,44,4.12,360,800,Clear,sky is clear
1/19/2023,15.48,14.42,14.85,15.84,51,4.12,50,804,Clouds,overcast clouds
1/20/2023,16.67,15.65,16.27,17.29,48,2.6,340,804,Clouds,overcast clouds
1/21/2023,20.18,19.61,19.92,21.02,52,2.1,0,803,Clouds,broken clouds
1/22/2023,19.47,19.35,19.01,19.95,72,1.54,270,701,Mist,mist
1/23/2023,22.75,22.99,22.01,23.15,73,1.54,110,701,Mist,mist
1/24/2023,17.83,16.61,17.59,18.16,36,6.7,10,800,Clear,sky is clear
1/25/2023,17.47,16.13,17.01,17.86,33,2.6,0,801,Clouds,few clouds
1/26/2023,17.9,17.5,16.01,18.56,67,1.03,0,804,Clouds,overcast clouds
1/27/2023,15.46,14.29,14.71,16.02,47,5.14,10,800,Clear,sky is clear
1/28/2023,17.92,16.37,17.79,18.02,23,4.63,20,800,Clear,sky is clear
1/29/2023,19.22,17.77,18.5,19.57,22,2.1,0,800,Clear,sky is clear
1/30/2023,20.43,19.49,19.89,20.75,37,1.03,0,800,Clear,sky is clear
1/31/2023,21.25,20.71,20.01,21.99,49,2.6,120,801,Clouds,few clouds
2/1/2023,20.78,20.69,20.01,21.33,68,2.1,180,804,Clouds,overcast clouds
2/2/2023,21.69,21.95,21.53,22.02,78,1.54,300,701,Mist,mist
2/3/2023,21.23,21.86,20.94,21.47,94,3.1,130,500,Rain,light rain
2/3/2023,21.23,21.86,20.94,21.47,94,3.1,130,701,Mist,mist
2/4/2023,20.64,21.06,20.51,21.02,88,1.54,150,701,Mist,mist
2/4/2023,20.64,21.06,20.51,21.02,88,1.54,150,300,Drizzle,light intensity drizzle
2/5/2023,21.69,22.21,21.38,23.02,88,4.63,110,500,Rain,light rain
2/6/2023,21.28,21.89,20.01,21.8,93,3.6,140,701,Mist,mist
2/6/2023,21.28,21.89,20.01,21.8,93,3.6,140,300,Drizzle,light intensity drizzle
2/7/2023,21.94,22.64,21.01,22.3,94,1.03,0,701,Mist,mist
2/7/2023,21.94,22.64,21.01,22.3,94,1.03,0,500,Rain,light rain
2/8/2023,21.57,22.24,21.01,21.9,94,2.1,160,301,Drizzle,drizzle
2/8/2023,21.57,22.24,21.01,21.9,94,2.1,160,500,Rain,light rain
2/8/2023,21.57,22.24,21.01,21.9,94,2.1,160,701,Mist,mist
2/9/2023,24.87,25.87,23.01,25.81,94,3.1,160,701,Mist,mist
2/10/2023,24.91,25.62,23.88,25.84,83,5.14,130,804,Clouds,overcast clouds
2/11/2023,27.38,29.93,26.56,28.04,74,5.32,170,804,Clouds,overcast clouds
2/12/2023,27.69,30.44,26.01,28.7,73,4.63,110,803,Clouds,broken clouds
2/13/2023,27.06,28.54,26.76,28.02,65,2.1,130,801,Clouds,few clouds
2/14/2023,19.46,19,19.01,20.06,59,5.7,50,804,Clouds,overcast clouds
2/15/2023,17.7,16.96,17.01,18.21,55,4.12,40,804,Clouds,overcast clouds
2/16/2023,17.62,16.98,17.01,18.02,59,2.6,30,804,Clouds,overcast clouds
2/17/2023,19.86,19.68,19.01,20.3,68,1.03,0,701,Mist,mist
2/18/2023,21.45,21.56,20.84,22.2,73,1.03,0,701,Mist,mist
2/19/2023,22.3,22.62,21.72,22.89,78,2.1,290,701,Mist,mist
2/20/2023,23.07,22.82,22.02,23.4,53,2.57,40,803,Clouds,broken clouds
2/21/2023,23.78,23.78,23.02,24.26,60,4.12,100,802,Clouds,scattered clouds
2/22/2023,22.84,22.75,22.02,23.35,60,2.57,110,803,Clouds,broken clouds
2/23/2023,22.56,22.65,22.02,23.05,68,3.09,110,804,Clouds,overcast clouds
2/24/2023,19.18,19.45,18.84,19.6,88,3.09,10,301,Drizzle,drizzle
2/24/2023,19.18,19.45,18.84,19.6,88,3.09,10,701,Mist,mist
2/25/2023,22.3,21.45,22,23.02,33,4.63,10,800,Clear,sky is clear
2/26/2023,21.51,20.63,21.02,21.88,35,4.12,60,800,Clear,sky is clear
2/27/2023,21.61,20.95,21.02,22,43,2.57,120,800,Clear,sky is clear
2/28/2023,22.76,22.74,22.56,23.05,63,1.71,144,804,Clouds,overcast clouds
3/1/2023,19.8,19.85,19.28,20.31,77,1.54,150,701,Mist,mist
3/2/2023,25.6,25.6,24.98,26.45,53,3.6,60,801,Clouds,few clouds
3/3/2023,23.26,23.21,22.76,24.02,60,3.09,100,803,Clouds,broken clouds
3/4/2023,22.47,22.23,21.86,23.02,56,3.6,30,800,Clear,sky is clear
3/5/2023,25.27,25.24,24.7,25.73,53,1.54,0,801,Clouds,few clouds
3/6/2023,25.73,25.95,25.02,26.28,61,3.09,110,721,Haze,haze
3/7/2023,23.56,23.75,23.02,23.81,68,3.09,150,803,Clouds,broken clouds
3/8/2023,23.47,23.78,22.96,24.23,73,3.09,130,804,Clouds,overcast clouds
3/9/2023,27.36,29,26.02,27.77,65,2.06,0,721,Haze,haze
3/10/2023,27.64,28.65,27.02,27.97,57,4.12,150,721,Haze,haze
3/11/2023,23.53,23.92,23.3,23.88,76,3.77,153,804,Clouds,overcast clouds
3/12/2023,25.68,26.08,25.36,25.89,68,1.2,79,804,Clouds,overcast clouds
3/13/2023,20.47,19.77,19.87,21.02,46,3.6,360,800,Clear,sky is clear
3/14/2023,24.62,24.36,24.28,25.02,47,2.57,0,801,Clouds,few clouds
3/15/2023,23.73,24.2,23.02,24.15,78,1.03,0,701,Mist,mist
3/16/2023,26.46,26.46,25.87,26.83,69,4.12,160,803,Clouds,broken clouds
3/17/2023,26.3,26.3,25.02,26.96,73,3.09,150,804,Clouds,overcast clouds
3/18/2023,25.82,26.36,25.63,26.1,73,4.13,161,804,Clouds,overcast clouds
3/19/2023,27.53,29.36,27.07,27.75,66,4.4,172,804,Clouds,overcast clouds
3/20/2023,27.24,30.07,26.02,27.87,78,4.12,120,804,Clouds,overcast clouds
3/21/2023,27.87,30.94,27.09,28.75,74,2.57,110,803,Clouds,broken clouds
3/22/2023,34.74,38.63,34.23,35.38,46,1.35,200,802,Clouds,scattered clouds
3/23/2023,31.78,37.16,31.16,32.38,62,0.5,123,800,Clear,sky is clear
3/24/2023,32.37,38.61,32.13,32.7,62,2.1,49,800,Clear,sky is clear
3/25/2023,26.57,26.57,26.02,27.08,83,4.63,140,500,Rain,light rain
3/26/2023,20.51,20.63,20.02,20.85,77,4.12,50,804,Clouds,overcast clouds
3/27/2023,19.37,19.14,19.02,20.02,68,4.12,20,500,Rain,light rain
3/28/2023,18.39,18.16,18.04,19.02,72,4.12,40,804,Clouds,overcast clouds
3/29/2023,21.84,21.99,21.02,22.25,73,2.06,60,803,Clouds,broken clouds
3/30/2023,20.55,20.57,20.02,20.65,73,2.57,40,804,Clouds,overcast clouds
3/31/2023,21.54,21.97,21.22,21.8,85,1.4,139,804,Clouds,overcast clouds
4/1/2023,22.74,23.45,21.95,23.5,91,0.76,131,804,Clouds,overcast clouds
4/2/2023,27.73,31.43,27.08,28.3,80,2.67,161,804,Clouds,overcast clouds
4/3/2023,29.98,34.99,29.21,30.78,70,1.84,177,802,Clouds,scattered clouds
4/4/2023,30.08,36.25,29.02,30.56,74,3.6,80,803,Clouds,broken clouds
4/5/2023,30.97,35.29,30.66,31.2,62,2.57,0,803,Clouds,broken clouds
4/6/2023,29.99,34.08,29.43,31.02,66,2.57,70,721,Haze,haze
4/7/2023,23.67,23.48,23.25,24.02,53,4.12,50,803,Clouds,broken clouds
4/8/2023,20.46,20.34,20.21,21.02,68,4.12,40,500,Rain,light rain
4/9/2023,19.14,19.41,18.88,19.37,88,2.57,40,701,Mist,mist
4/10/2023,21.65,22.17,21.02,22.22,88,1.54,10,804,Clouds,overcast clouds
4/11/2023,23.85,24.59,23.25,24.29,88,1.03,0,701,Mist,mist
4/12/2023,25.55,26.46,25.02,25.83,88,3.09,130,701,Mist,mist
4/13/2023,26.98,30.37,26.49,27.39,87,5.29,156,500,Rain,light rain
4/14/2023,26.38,26.38,26.05,26.6,90,3.96,140,804,Clouds,overcast clouds
4/15/2023,25.52,26.56,25.2,25.74,93,3.58,32,502,Rain,heavy intensity rain
4/16/2023,29.28,32.39,29.02,29.54,65,1.54,310,801,Clouds,few clouds
4/17/2023,28.77,33.51,28.14,29.48,77,3.22,179,804,Clouds,overcast clouds
4/18/2023,30.07,37.07,29.02,30.37,79,3.6,110,803,Clouds,broken clouds
4/19/2023,32.22,39.22,31.82,32.47,71,1.78,346,801,Clouds,few clouds
4/20/2023,30.19,36.55,30.02,30.26,74,1.54,130,701,Mist,mist
4/21/2023,30.46,37.3,30.02,30.69,74,1.54,0,701,Mist,mist
4/22/2023,31.17,38.17,30.02,31.51,74,4.63,120,803,Clouds,broken clouds
4/23/2023,30.6,37.6,30.02,31.01,74,3.6,120,803,Clouds,broken clouds
4/24/2023,28.97,32.66,28.72,30.02,70,1.54,130,502,Rain,heavy intensity rain
4/25/2023,22.19,22.53,21.69,23.1,79,3.34,355,500,Rain,light rain
4/26/2023,24.75,24.59,24.24,25.13,50,2.06,330,800,Clear,sky is clear
4/27/2023,29.36,31.32,28.83,29.89,58,3.6,120,801,Clouds,few clouds
4/28/2023,29.41,34.96,29.24,29.53,76,4.69,164,803,Clouds,broken clouds
4/29/2023,24.38,25.17,23.97,24.82,88,4.12,60,502,Rain,heavy intensity rain
4/30/2023,25.26,25.41,24.02,25.49,60,2.57,50,801,Clouds,few clouds
5/1/2023,29.04,31.26,28.02,29.22,61,3.09,70,803,Clouds,broken clouds
5/2/2023,29.22,33.02,28.02,29.78,69,4.12,140,804,Clouds,overcast clouds
5/3/2023,31.6,37.95,30.81,32.38,66,5.14,140,803,Clouds,broken clouds
5/4/2023,32.58,39.58,32.02,33.03,70,4.12,120,803,Clouds,broken clouds
5/5/2023,34.94,41.94,34.22,35.67,65,0.6,140,800,Clear,sky is clear
5/6/2023,37.76,44.76,37.07,38.27,52,1.73,259,800,Clear,sky is clear
5/7/2023,34.05,41.05,33.65,34.37,66,3.09,80,802,Clouds,scattered clouds
5/8/2023,25.66,26.58,25.02,26.47,88,4.63,40,803,Clouds,broken clouds
5/9/2023,25.51,26.23,25.23,25.71,81,1.28,101,804,Clouds,overcast clouds
5/10/2023,30.18,37.18,29.02,30.46,79,4.12,120,500,Rain,light rain
5/11/2023,31.55,37.82,30.86,32.18,66,2.06,90,500,Rain,light rain
5/12/2023,27.12,27.8,26.26,28.39,54,4.12,20,500,Rain,light rain
5/13/2023,25.23,25.51,24.74,25.97,65,4.63,20,804,Clouds,overcast clouds
5/14/2023,26.11,26.11,25.88,26.31,72,1.91,353,804,Clouds,overcast clouds
5/15/2023,30.15,33.54,30,30.26,62,2.57,110,802,Clouds,scattered clouds
5/16/2023,33.79,40.79,33.02,34.5,62,3.09,150,800,Clear,sky is clear
5/17/2023,37.74,44.74,37.33,37.99,46,3.43,259,800,Clear,sky is clear
5/18/2023,37.53,44.18,37.02,37.73,44,2.57,330,800,Clear,sky is clear
5/19/2023,34.75,41.75,34.02,35.03,62,4.12,70,802,Clouds,scattered clouds
5/20/2023,34.39,41.39,34.02,34.7,62,3.09,100,803,Clouds,broken clouds
5/21/2023,35.57,42.57,35.18,36.07,66,1.68,164,801,Clouds,few clouds
5/22/2023,36.38,43.38,36.02,36.6,59,2.06,0,800,Clear,sky is clear
5/23/2023,32.08,39.08,31.82,33.02,66,4.12,80,801,Clouds,few clouds
5/24/2023,29.51,34.76,29.29,30.02,74,3.09,70,803,Clouds,broken clouds
5/25/2023,31.76,38.76,31.02,32.19,70,3.09,100,500,Rain,light rain
5/26/2023,31.14,38.14,30.02,31.46,89,3.6,80,500,Rain,light rain
5/27/2023,31.75,38.75,31.47,32.11,70,3.6,110,500,Rain,light rain
5/28/2023,32.35,39.35,32.02,32.47,70,4.63,120,802,Clouds,scattered clouds
5/29/2023,33.99,40.99,33.81,34.23,59,2.06,80,803,Clouds,broken clouds
5/30/2023,34.66,40.64,34.49,35.02,52,1.54,70,800,Clear,sky is clear
5/31/2023,35.04,42.04,34.78,35.14,55,2.06,130,800,Clear,sky is clear
6/1/2023,35.39,42.39,35.02,35.65,63,2.57,70,802,Clouds,scattered clouds
6/2/2023,35.56,42.56,35.14,36.02,59,2.06,70,801,Clouds,few clouds
6/3/2023,34.04,40.28,33.53,35.02,55,3.09,130,800,Clear,sky is clear
6/4/2023,32.14,37.1,30.95,34.02,59,4.12,130,801,Clouds,few clouds
6/5/2023,32.61,39.61,32.18,32.93,70,1.03,100,500,Rain,light rain
6/6/2023,31.75,38.75,31.02,31.98,74,5.14,240,803,Clouds,broken clouds
6/7/2023,33.72,39.5,32.82,34.21,55,2.06,0,801,Clouds,few clouds
6/8/2023,33.02,40.02,32.7,33.18,66,2.06,340,801,Clouds,few clouds
6/9/2023,31.26,38.26,30.93,31.73,74,4.12,290,803,Clouds,broken clouds
6/10/2023,34.45,41.45,34.02,34.65,62,1.89,315,804,Clouds,overcast clouds
6/11/2023,35.13,42.13,34.83,35.37,59,2.06,0,801,Clouds,few clouds
6/12/2023,34.16,41.16,33.53,34.65,62,2.57,0,500,Rain,light rain
6/13/2023,32.35,38.56,32.21,33.02,62,3.09,300,500,Rain,light rain
6/14/2023,29.88,36.88,29.52,30.35,79,1.69,335,500,Rain,light rain
6/15/2023,32.32,39.32,32.02,32.56,70,2.57,90,500,Rain,light rain
6/16/2023,32.35,39.35,32.05,32.94,75,1.46,241,500,Rain,light rain
6/17/2023,34.94,41.94,34.02,35.36,62,2.06,170,802,Clouds,scattered clouds
6/18/2023,32.41,39.41,32.29,32.65,75,2.83,153,804,Clouds,overcast clouds
6/19/2023,30.96,37.96,30.91,31,81,1.21,196,804,Clouds,overcast clouds
6/20/2023,33.99,40.99,33.58,35.02,59,1.03,0,801,Clouds,few clouds
6/21/2023,33.07,40.07,32.53,33.79,72,1.04,262,804,Clouds,overcast clouds
6/22/2023,33.84,40.84,33.38,34.45,64,1.69,269,804,Clouds,overcast clouds
6/23/2023,29.92,36.92,29.77,30.13,80,1.44,353,500,Rain,light rain
6/24/2023,27.65,32.51,27.25,28.05,89,1.03,0,500,Rain,light rain
6/25/2023,26.65,26.65,26.02,26.89,94,2.57,300,501,Rain,moderate rain
6/26/2023,28.48,33.9,28,29.16,83,3.6,100,500,Rain,light rain
6/27/2023,29.28,34.18,28.61,30.02,74,5.66,140,500,Rain,light rain
6/28/2023,32.76,39.76,32.47,33.02,66,3.09,160,803,Clouds,broken clouds
6/29/2023,34.27,41.27,33.94,34.56,66,3.6,160,802,Clouds,scattered clouds
6/30/2023,35.46,42.46,35.13,35.86,66,1.77,195,804,Clouds,overcast clouds
7/1/2023,35.52,42.52,35.01,36.19,66,2.06,70,802,Clouds,scattered clouds
7/2/2023,35.46,42.46,35.02,35.84,63,2.06,70,803,Clouds,broken clouds
7/3/2023,33.99,40.99,33.85,34.19,71,1.51,125,804,Clouds,overcast clouds
7/4/2023,33.65,40.65,32.73,35.02,63,2.57,100,500,Rain,light rain
7/5/2023,33.8,40.8,33.55,34.02,66,1.54,0,500,Rain,light rain
7/6/2023,35.48,42.48,35.02,35.85,59,2.57,290,801,Clouds,few clouds
7/7/2023,35.8,42.8,35.02,35.99,59,2.57,140,801,Clouds,few clouds
7/8/2023,34.18,41.18,33.98,34.58,69,3,163,803,Clouds,broken clouds
7/9/2023,32.98,37.77,32.84,34.02,55,2.06,0,500,Rain,light rain
7/10/2023,34.13,41.13,33.89,34.56,62,2.57,140,801,Clouds,few clouds
7/11/2023,35.03,42.03,34.02,35.51,62,2.06,0,801,Clouds,few clouds
7/12/2023,35.61,41.73,35.28,36.04,49,1.54,0,801,Clouds,few clouds
7/13/2023,34.69,41.69,34.02,35.17,62,2.06,0,800,Clear,sky is clear
7/14/2023,33.26,40.26,32.96,33.75,68,0.72,37,500,Rain,light rain
7/15/2023,31.68,38.68,30.84,33.02,70,5.14,290,803,Clouds,broken clouds
7/16/2023,34.95,41.95,34.38,35.26,59,3.6,270,800,Clear,sky is clear
7/17/2023,36.44,40.41,36.02,36.66,41,4.63,340,801,Clouds,few clouds
7/18/2023,30.72,34.5,30.33,31.15,61,4.82,320,804,Clouds,overcast clouds
7/19/2023,27.83,32.12,27.75,27.96,83,1.51,98,500,Rain,light rain
7/20/2023,27.34,31.6,27.19,28.02,89,2.57,70,500,Rain,light rain
7/21/2023,30.25,37.25,29.98,30.63,84,2.06,350,801,Clouds,few clouds
7/22/2023,33.69,39.43,33.39,34.02,55,2.57,210,500,Rain,light rain
7/23/2023,34.55,41.55,34.43,34.69,59,2.37,169,801,Clouds,few clouds
7/24/2023,34.86,41.13,34.51,35.14,52,3.09,160,802,Clouds,scattered clouds
7/25/2023,34.3,41.3,34.02,34.52,59,2.57,60,803,Clouds,broken clouds
7/26/2023,34.73,41.73,34.3,35.02,55,2.06,0,800,Clear,sky is clear
7/27/2023,34.99,41.99,34.43,35.36,63,1.54,310,801,Clouds,few clouds
7/28/2023,31.5,38.5,30.76,31.91,77,3.28,324,804,Clouds,overcast clouds
7/29/2023,34.26,41.26,33.42,35.11,66,2.06,290,500,Rain,light rain
7/30/2023,31.7,38.7,31.19,33.02,75,3.6,40,500,Rain,light rain
7/31/2023,31.12,38.12,31.04,31.21,77,1.12,308,804,Clouds,overcast clouds
8/1/2023,30.56,37.56,30.02,31.13,79,2.57,360,500,Rain,light rain
8/2/2023,30.84,37.84,30.39,31.19,74,3.6,40,500,Rain,light rain
8/3/2023,31.78,37.16,31.25,33.02,62,3.09,10,802,Clouds,scattered clouds
8/4/2023,28.81,35.81,28.51,29.1,89,2.48,273,502,Rain,heavy intensity rain
8/5/2023,30.35,37.35,29.02,30.94,84,1.54,300,500,Rain,light rain
8/6/2023,31.23,38.23,31,31.55,74,1.54,110,500,Rain,light rain
8/7/2023,30.67,37.67,30.02,31.05,79,1.54,40,500,Rain,light rain
8/8/2023,32.45,39.45,32.02,32.55,66,1.03,0,803,Clouds,broken clouds
8/9/2023,34.46,41.46,34.11,34.74,60,2.65,309,802,Clouds,scattered clouds
8/10/2023,32.54,39.54,32.34,32.69,75,1.44,352,500,Rain,light rain
8/11/2023,30.19,37.19,29.93,31.02,79,3.09,60,500,Rain,light rain
8/12/2023,32.45,39.45,31.02,33.07,74,1.03,0,500,Rain,light rain
8/13/2023,34.04,41.04,33.83,34.18,65,0.35,351,500,Rain,light rain
8/14/2023,32.19,39.19,31.48,33.02,66,2.06,110,500,Rain,light rain
8/15/2023,28.51,34.58,28.08,28.84,86,0.33,350,500,Rain,light rain
8/16/2023,32.22,39.22,31.98,33.02,70,2.57,60,803,Clouds,broken clouds
8/17/2023,35,42,34.02,35.23,62,2.06,10,801,Clouds,few clouds
8/18/2023,33.14,40.14,32.02,33.35,66,2.57,10,802,Clouds,scattered clouds
8/19/2023,31.47,38.47,31.27,31.59,79,1.41,43,500,Rain,light rain
8/20/2023,28.29,33.91,27.88,28.52,86,2.03,145,500,Rain,light rain
8/21/2023,32.8,39.8,32.69,32.86,73,2.14,149,500,Rain,light rain
8/22/2023,33.24,40.24,33.02,33.38,66,2.06,260,500,Rain,light rain
8/23/2023,33.2,40.2,32.98,33.59,70,2.06,310,801,Clouds,few clouds
8/24/2023,31.38,38.38,31.02,31.76,70,2.06,20,500,Rain,light rain
8/25/2023,31.87,38.87,31.02,32.16,74,2.06,60,500,Rain,light rain
8/26/2023,32.48,39.48,32.02,32.81,74,1.03,0,501,Rain,moderate rain
8/27/2023,34.21,41.21,33.98,34.42,62,2.06,10,800,Clear,sky is clear
8/28/2023,30.67,37.67,30.02,31.06,74,3.09,310,802,Clouds,scattered clouds
8/29/2023,30.73,35.78,30.02,31.1,66,5.14,360,800,Clear,sky is clear
8/30/2023,32.64,35.05,32,32.95,48,3.6,10,800,Clear,sky is clear
8/31/2023,33.5,35.33,32.87,33.91,43,5.66,350,800,Clear,sky is clear
9/1/2023,33.78,38.58,33.28,34.02,52,4.63,310,800,Clear,sky is clear
9/2/2023,35.63,38.75,35.02,35.99,41,4.12,330,800,Clear,sky is clear
9/3/2023,30.77,33.9,30.02,31.6,58,1.54,290,800,Clear,sky is clear
9/4/2023,26.92,29.05,26.16,28.02,74,4.12,360,804,Clouds,overcast clouds
9/5/2023,30.96,37.19,30.07,31.66,69,2.96,356,803,Clouds,broken clouds
9/6/2023,34.62,40.55,33.98,35.02,52,3.6,340,801,Clouds,few clouds
9/7/2023,35.13,42.13,34.48,35.48,59,1.54,320,802,Clouds,scattered clouds
9/8/2023,32.44,38.79,31.93,33.02,62,2.06,310,802,Clouds,scattered clouds
9/9/2023,31.25,38.25,30.86,31.83,74,2.57,220,500,Rain,light rain
9/10/2023,32.92,39.92,32.29,33.19,62,2.06,340,500,Rain,light rain
9/11/2023,31.77,38.77,31.5,32.31,74,1.54,0,500,Rain,light rain
9/12/2023,28.97,35.55,28.6,29.29,84,1.54,60,701,Mist,mist
9/13/2023,26.13,26.13,25.85,26.26,85,4.62,305,501,Rain,moderate rain
9/14/2023,25.47,26.47,24.98,25.88,92,3.04,326,501,Rain,moderate rain
9/15/2023,27.52,29.66,27.04,28.02,69,3.6,350,500,Rain,light rain
9/16/2023,28.25,33.79,27.82,28.96,86,1.62,69,500,Rain,light rain
9/17/2023,30.32,36.91,29.4,31.02,74,1.54,320,500,Rain,light rain
9/18/2023,30.92,37.92,30.02,31.38,79,2.06,90,802,Clouds,scattered clouds
9/19/2023,32.13,39.13,31.02,32.4,74,3.09,140,500,Rain,light rain
9/20/2023,33.27,40.27,33.02,33.4,66,3.09,130,801,Clouds,few clouds
9/21/2023,33.67,40.67,33.02,33.83,62,3.09,130,500,Rain,light rain
9/22/2023,34.13,41.13,33.99,34.26,59,1.54,70,802,Clouds,scattered clouds
9/23/2023,33.63,40.63,33.44,34.02,62,2.06,0,802,Clouds,scattered clouds
9/24/2023,32.87,39.87,32.02,33.09,62,2.06,0,500,Rain,light rain
9/25/2023,33.98,40.13,33.23,34.45,55,3.09,40,500,Rain,light rain
9/26/2023,26.79,30.42,25.9,27.51,93,2.16,331,501,Rain,moderate rain
9/27/2023,26.2,26.2,25.33,27.02,89,4.63,80,501,Rain,moderate rain
9/28/2023,25.28,26.32,24.02,25.87,94,1.54,350,500,Rain,light rain
9/29/2023,29.51,36.45,28.6,30.35,81,1.25,19,500,Rain,light rain
9/30/2023,31.32,38.32,30.02,31.79,74,0.51,0,500,Rain,light rain
10/1/2023,32.75,39.59,32.02,33.06,62,3.09,60,801,Clouds,few clouds
10/2/2023,32.87,37.52,32.43,33.13,55,2.06,70,801,Clouds,few clouds
10/3/2023,32.8,37.36,32.02,33.13,55,1.03,0,802,Clouds,scattered clouds
10/4/2023,33.48,38.93,33.09,34.02,55,1.54,0,800,Clear,sky is clear
10/5/2023,34.13,41.13,33.7,34.44,62,2.57,140,801,Clouds,few clouds
10/6/2023,33.92,40.92,33.64,34.43,59,2.57,130,803,Clouds,broken clouds
10/7/2023,27.79,30.77,27.02,28.1,74,6.69,20,500,Rain,light rain
10/8/2023,28.7,29.75,28.31,29.02,54,4.63,360,800,Clear,sky is clear
10/9/2023,29.94,30.66,29.39,30.26,48,4.63,350,800,Clear,sky is clear
10/10/2023,27.18,28.98,26.68,27.61,68,3.5,6,804,Clouds,overcast clouds
10/11/2023,27.38,29.03,27.04,28.13,65,2.97,19,803,Clouds,broken clouds
10/12/2023,26.09,26.09,25.57,26.69,77,2.27,1,804,Clouds,overcast clouds
10/13/2023,28.74,30.74,28.26,29.02,61,1.54,0,803,Clouds,broken clouds
10/14/2023,27.55,29.71,27.32,27.95,69,2.93,22,802,Clouds,scattered clouds
10/15/2023,28.65,29.33,27.99,29.02,51,5.14,20,800,Clear,sky is clear
10/16/2023,30.26,31.61,29.4,30.67,51,3.09,40,800,Clear,sky is clear
10/17/2023,31.07,32.35,30.02,31.5,48,1.54,0,800,Clear,sky is clear
10/18/2023,31.36,32.81,30.69,32.02,48,3.6,40,800,Clear,sky is clear
10/19/2023,31.86,35.35,31.18,32.1,55,4.12,350,801,Clouds,few clouds
10/20/2023,30.35,31.75,29.56,31.02,51,5.14,10,803,Clouds,broken clouds
10/21/2023,27.87,28.22,27.41,28.64,49,3.76,22,802,Clouds,scattered clouds
10/22/2023,26.61,26.61,26.16,27.16,54,3.6,20,803,Clouds,broken clouds
10/23/2023,27,28.45,26.52,27.22,65,3.09,10,803,Clouds,broken clouds
10/24/2023,29.86,31.65,29.24,31.02,55,2.06,110,803,Clouds,broken clouds
10/25/2023,31.02,34.4,30.27,31.42,58,1.54,320,802,Clouds,scattered clouds
10/26/2023,29.85,33.99,29.46,30.03,67,1.61,90,500,Rain,light rain
10/27/2023,31.88,34.38,31.32,32.14,51,2.57,60,802,Clouds,scattered clouds
10/28/2023,28.82,31.99,27.91,29.32,68,2.26,30,500,Rain,light rain
10/29/2023,26.55,26.55,26.15,27.19,82,2.51,16,501,Rain,moderate rain
10/30/2023,27.89,28.98,27.35,28.26,57,3.6,360,801,Clouds,few clouds
10/31/2023,29.57,30.57,28.58,30.08,51,2.57,350,801,Clouds,few clouds
11/1/2023,29.49,31.38,28.02,30.04,57,2.06,360,802,Clouds,scattered clouds
11/2/2023,29.25,30.54,28.87,29.67,54,2.06,180,801,Clouds,few clouds
11/3/2023,29.99,31.87,29.58,31.02,55,1.54,0,803,Clouds,broken clouds
11/4/2023,30.91,35.15,30.66,32.02,62,2.06,140,802,Clouds,scattered clouds
11/5/2023,31.35,38.35,30.02,31.83,70,2.57,160,803,Clouds,broken clouds
11/6/2023,29.32,32.66,28.8,30.02,66,2.06,70,500,Rain,light rain
11/7/2023,24,24.49,23.56,24.19,78,3.09,350,500,Rain,light rain
11/8/2023,29.01,32.56,28.02,29.41,69,1.54,290,803,Clouds,broken clouds
11/9/2023,30.77,34.85,30.39,31.33,62,2.57,160,803,Clouds,broken clouds
11/10/2023,31.47,36.43,31.02,32,62,2.06,150,803,Clouds,broken clouds
11/11/2023,31.37,36.19,30.91,31.98,62,2.57,140,801,Clouds,few clouds
11/12/2023,28.74,33.06,27.74,29.68,75,2.52,88,501,Rain,moderate rain
11/13/2023,18.92,19.09,18.54,19.62,85,4.17,12,500,Rain,light rain
11/14/2023,19.58,19.16,19.31,20.02,60,3.6,20,804,Clouds,overcast clouds
11/15/2023,21.41,21.51,21.02,21.61,73,2.06,350,804,Clouds,overcast clouds
11/16/2023,21.32,20.87,20.82,21.51,52,5.66,350,800,Clear,sky is clear
11/17/2023,24.88,24.23,24.16,25.16,31,4.63,360,800,Clear,sky is clear
11/18/2023,24.66,23.94,23.89,25.02,29,3.09,350,800,Clear,sky is clear
11/19/2023,24.82,24.43,24.13,25.4,41,2.06,270,800,Clear,sky is clear
11/20/2023,25.6,25.44,24.99,26.02,47,2.57,290,800,Clear,sky is clear
11/21/2023,25.56,25.24,25.08,26.02,41,1.03,0,801,Clouds,few clouds
11/22/2023,24.26,24.52,23.02,24.89,68,2.06,350,803,Clouds,broken clouds
11/23/2023,26.71,27.37,25.64,28.02,54,1.54,270,802,Clouds,scattered clouds
11/24/2023,26.88,28,26.02,27.47,61,2.06,350,800,Clear,sky is clear
11/25/2023,26.87,27.72,26.16,27.39,57,1.54,50,802,Clouds,scattered clouds
11/26/2023,27.14,27.82,26.71,28.02,54,2.57,320,802,Clouds,scattered clouds
11/27/2023,26.95,27.81,26.14,27.46,57,1.54,90,802,Clouds,scattered clouds
11/28/2023,26.48,26.48,25.61,27.02,47,2.06,40,800,Clear,sky is clear
11/29/2023,25.22,25.49,24.75,25.87,65,1.54,0,803,Clouds,broken clouds
11/30/2023,25.4,25.69,24.19,26.22,65,2.06,30,803,Clouds,broken clouds
12/1/2023,18.67,19.05,18.32,19.41,94,4.63,30,501,Rain,moderate rain
12/1/2023,18.67,19.05,18.32,19.41,94,4.63,30,701,Mist,mist
12/2/2023,19.1,19.21,18.02,19.39,82,4.63,30,804,Clouds,overcast clouds
12/3/2023,19.83,19.91,19.39,20.1,78,2.44,3,804,Clouds,overcast clouds
12/4/2023,20.92,21.05,20.47,21.12,76,2.02,8,804,Clouds,overcast clouds
12/5/2023,20,20.2,19.02,20.23,82,3.09,40,804,Clouds,overcast clouds
12/6/2023,21.99,21.81,21.51,23.02,60,3.09,350,500,Rain,light rain
12/7/2023,25.44,25.19,24.84,25.8,44,2.06,360,800,Clear,sky is clear
12/8/2023,25.99,25.99,25.02,26.49,50,1.54,0,800,Clear,sky is clear
12/9/2023,25.79,26.23,24.97,26.73,69,2.06,110,721,Haze,haze
12/10/2023,25.97,25.97,25.38,26.69,80,3.58,174,804,Clouds,overcast clouds
12/11/2023,27.37,29.91,27.02,27.68,74,2.57,130,803,Clouds,broken clouds
12/12/2023,28.21,32.3,27.02,28.39,78,0.51,0,701,Mist,mist
12/13/2023,26.5,26.5,25.68,27.41,69,4.63,140,802,Clouds,scattered clouds
12/14/2023,27.73,29.58,27.45,28.17,65,2.57,180,803,Clouds,broken clouds
12/15/2023,28.61,31.26,28.28,29.14,66,2.9,196,803,Clouds,broken clouds
12/16/2023,20.36,20.23,20.02,20.78,68,9.26,50,803,Clouds,broken clouds
12/17/2023,14.45,13.47,14.1,15.02,58,3.6,20,804,Clouds,overcast clouds
12/18/2023,17.18,16.83,16.02,17.4,72,1.54,360,804,Clouds,overcast clouds
12/19/2023,15.04,14.35,14.69,15.4,67,5.14,10,804,Clouds,overcast clouds
12/20/2023,16.37,15.39,15.69,16.75,51,4.63,340,804,Clouds,overcast clouds
12/21/2023,16.98,15.75,16.02,17.3,39,4.12,360,800,Clear,sky is clear
12/22/2023,15.48,14.02,14.75,15.77,36,2.06,0,800,Clear,sky is clear
12/23/2023,17.56,16.21,16.78,18.02,32,3.6,10,800,Clear,sky is clear
12/24/2023,17.6,16.25,16.96,18.02,32,4.63,360,800,Clear,sky is clear
12/25/2023,19.24,17.9,18.51,19.59,26,3.6,40,801,Clouds,few clouds
12/26/2023,20.39,19.37,19.75,20.85,34,2.06,0,800,Clear,sky is clear
12/27/2023,22.22,22.06,21.02,22.63,60,1.03,0,800,Clear,sky is clear
12/28/2023,23.52,23.23,23.04,24.02,50,1.03,0,800,Clear,sky is clear
12/29/2023,22.72,22.9,22.11,23.24,71,0.35,124,803,Clouds,broken clouds
12/30/2023,22.78,23.02,22.47,23.07,73,2.06,330,701,Mist,mist
12/31/2023,24.03,24.19,23.51,25.02,65,1.54,0,803,Clouds,broken clouds
1/1/2024,25.65,25.76,25.12,26.31,57,3.1,150,803,Clouds,broken clouds
1/2/2024,27.01,28.47,26.01,27.58,65,2.6,130,500,Rain,light rain
1/3/2024,18.91,18.74,18.02,19.51,72,4.63,20,500,Rain,light rain
1/4/2024,20.6,20.39,20.02,20.81,64,2.57,100,803,Clouds,broken clouds
1/5/2024,22.37,22.83,21.02,23.08,83,1.54,310,701,Mist,mist
1/6/2024,23.15,23.32,22.62,24.02,69,1.03,0,701,Mist,mist
1/7/2024,24.71,24.91,24.02,25.06,64,4.12,130,500,Rain,light rain
1/8/2024,25.14,25.62,24.02,25.54,73,3.09,140,803,Clouds,broken clouds
1/9/2024,25.22,25.83,24.02,25.64,78,4.12,160,500,Rain,light rain
1/10/2024,19.75,20.39,19.02,20.24,100,5.14,50,500,Rain,light rain
1/11/2024,18.38,18.73,18.02,18.81,94,2.06,30,500,Rain,light rain
1/12/2024,18.88,19.28,18.02,19.26,94,2.06,330,501,Rain,moderate rain
1/12/2024,18.88,19.28,18.02,19.26,94,2.06,330,701,Mist,mist
1/13/2024,19.15,19.73,18.02,19.48,100,1.54,340,501,Rain,moderate rain
1/14/2024,20.44,20.84,20.02,20.59,88,1.54,20,804,Clouds,overcast clouds
1/15/2024,23.38,23.58,22.88,24.02,69,2.06,50,500,Rain,light rain
1/16/2024,20.64,20.67,19.94,22.02,73,3.6,70,500,Rain,light rain
1/17/2024,22.75,23.25,22.02,23.16,83,3.6,110,500,Rain,light rain
1/18/2024,25.32,25.81,25,25.64,73,4.12,150,500,Rain,light rain
1/19/2024,25.8,26.24,25.02,26.48,69,2.57,150,803,Clouds,broken clouds
1/20/2024,26.98,28.13,26.13,27.61,61,2.02,168,804,Clouds,overcast clouds
1/21/2024,17.45,17.37,16.98,17.83,81,2.46,19,500,Rain,light rain
1/22/2024,12.68,12.46,12.02,13.18,94,4.63,40,500,Rain,light rain
1/23/2024,11.23,10.13,10.85,11.88,66,3.6,30,804,Clouds,overcast clouds
1/24/2024,11.21,10.01,10.65,11.51,62,4.12,20,804,Clouds,overcast clouds
1/25/2024,11.9,10.56,11.34,12.31,54,3.6,10,804,Clouds,overcast clouds
1/26/2024,12.84,11.69,12.62,13.02,58,3.6,10,804,Clouds,overcast clouds
1/27/2024,11.51,10.7,11.02,11.94,76,4.63,20,803,Clouds,broken clouds
1/28/2024,13.28,12.28,13.01,14.02,62,4.12,20,804,Clouds,overcast clouds
1/29/2024,14.8,14.27,14.52,15.22,74,1.58,352,803,Clouds,broken clouds
1/30/2024,17.04,16.94,16.02,17.33,82,1.03,0,804,Clouds,overcast clouds
1/31/2024,19.25,19.42,18.89,19.52,84,0.53,305,804,Clouds,overcast clouds
2/1/2024,23.1,23.4,22.38,23.81,74,1.52,226,804,Clouds,overcast clouds
2/2/2024,26.13,26.13,25.46,26.71,74,2.8,169,500,Rain,light rain
2/3/2024,25.9,26.5,24.89,26.5,75,5.54,156,804,Clouds,overcast clouds
2/4/2024,27.69,30.56,27.02,28.05,74,3.09,170,802,Clouds,scattered clouds
2/5/2024,24.87,25.45,23.98,26.02,78,5.66,120,803,Clouds,broken clouds
2/6/2024,23.49,24.19,22.98,24.2,88,5.14,140,701,Mist,mist
2/7/2024,16.13,15.94,15.4,16.73,82,5.66,40,500,Rain,light rain
2/8/2024,14.08,13.19,13.9,15.02,63,5.14,40,804,Clouds,overcast clouds
2/9/2024,15.91,14.89,14.93,17.02,51,4.63,10,800,Clear,sky is clear
2/10/2024,19.01,18.06,18.75,20.02,42,2.57,360,800,Clear,sky is clear
2/11/2024,21.91,21.07,21.35,22.23,35,2.06,40,800,Clear,sky is clear
2/12/2024,23.14,22.71,22.02,23.63,46,2.06,0,800,Clear,sky is clear
2/13/2024,23.43,23.4,22.79,24.02,60,3.6,180,803,Clouds,broken clouds
2/14/2024,23.57,23.78,23.29,24.02,69,3.6,160,500,Rain,light rain
2/15/2024,22.81,23.18,22.65,23.21,78,2.57,100,803,Clouds,broken clouds
2/16/2024,22.12,22.29,21.55,23.02,73,3.6,80,803,Clouds,broken clouds
2/17/2024,23.53,23.84,22.97,24.14,73,3.6,110,802,Clouds,scattered clouds
2/18/2024,25.85,26.53,25.02,26.26,78,4.12,150,803,Clouds,broken clouds
2/19/2024,27.34,29.85,26.91,27.81,74,4.12,110,803,Clouds,broken clouds
2/20/2024,29.46,33.55,28.92,29.98,69,3.3,155,801,Clouds,few clouds
2/21/2024,29.3,33.39,28.54,30.06,70,2.07,162,801,Clouds,few clouds
2/22/2024,27.37,29.91,27.04,27.69,74,2.95,150,804,Clouds,overcast clouds
2/23/2024,17.81,18.1,16.99,18.29,94,5.14,60,701,Mist,mist
2/24/2024,13.79,13.68,13.02,14.47,94,4.12,40,500,Rain,light rain
2/24/2024,13.79,13.68,13.02,14.47,94,4.12,40,701,Mist,mist
2/25/2024,13.93,13.68,13.02,14.39,88,3.09,40,804,Clouds,overcast clouds
2/26/2024,15.43,15.14,15.31,15.56,81,1.73,42,804,Clouds,overcast clouds
2/27/2024,13.85,13.3,13.6,14.3,77,4.63,40,804,Clouds,overcast clouds
2/28/2024,14.65,14.63,14.02,14.89,94,3.09,50,804,Clouds,overcast clouds
2/29/2024,16.08,16.04,15.02,16.66,88,5.14,30,804,Clouds,overcast clouds
3/1/2024,14.85,14.14,14.28,15.46,67,4.63,20,804,Clouds,overcast clouds
3/2/2024,15.26,14.28,14.82,16.02,55,3.09,30,803,Clouds,broken clouds
3/3/2024,19,18.73,18.02,19.45,68,3.6,180,804,Clouds,overcast clouds
3/4/2024,22.37,22.65,21.66,23.02,76,1.47,145,800,Clear,sky is clear
3/5/2024,28.97,31.45,28.06,29.77,63,0.49,30,800,Clear,sky is clear
3/6/2024,26.94,28.37,26.38,28.02,65,4.12,60,802,Clouds,scattered clouds
3/7/2024,22.76,22.48,22.08,23.15,53,4.63,50,804,Clouds,overcast clouds
3/8/2024,19.7,19.5,19.14,20.05,68,2.57,20,721,Haze,haze
3/9/2024,17.57,17.52,17.02,17.84,82,3.6,30,804,Clouds,overcast clouds
3/10/2024,17.91,18.05,17.02,18.34,88,3.09,40,804,Clouds,overcast clouds
3/11/2024,21.56,21.55,20.94,22.02,68,5.14,270,800,Clear,sky is clear
3/12/2024,25.04,25.17,24.02,25.42,60,2.57,80,801,Clouds,few clouds
3/13/2024,22.88,23.39,22.02,23.41,83,3.09,80,701,Mist,mist
3/14/2024,22.25,23.14,21.02,22.54,100,2.06,30,701,Mist,mist
3/15/2024,22.11,22.67,21.65,23.02,88,1.54,110,701,Mist,mist
3/16/2024,25.03,25.89,24.9,25.34,88,4.12,150,500,Rain,light rain
3/17/2024,25.8,26.63,25.41,26.15,84,3.25,152,804,Clouds,overcast clouds
3/18/2024,26.24,26.24,25.02,26.61,88,4.63,140,500,Rain,light rain
3/19/2024,20.42,20.74,19.91,21.32,85,3.84,4,501,Rain,moderate rain
3/20/2024,21.33,21.29,20.51,21.85,68,2.06,310,800,Clear,sky is clear
3/21/2024,25.06,24.93,24.55,25.55,50,3.09,120,801,Clouds,few clouds
3/22/2024,24.41,24.92,23.9,24.93,77,3.77,170,804,Clouds,overcast clouds
3/23/2024,29.08,33.49,28.59,29.47,73,3.25,167,803,Clouds,broken clouds
3/24/2024,28.57,32.66,27.71,29.37,75,2.46,169,804,Clouds,overcast clouds
3/25/2024,29.11,33.76,28.94,29.34,74,2.06,130,803,Clouds,broken clouds
3/26/2024,29.87,32.21,29.62,30.02,58,5.14,140,800,Clear,sky is clear
3/27/2024,29.4,33.02,29.2,29.59,67,4.61,171,803,Clouds,broken clouds
3/28/2024,28.02,32.15,27.79,28.23,80,0.97,159,500,Rain,light rain
3/29/2024,23.4,24.09,22.81,24.06,88,2.57,20,211,Thunderstorm,thunderstorm
3/29/2024,23.4,24.09,22.81,24.06,88,2.57,20,500,Rain,light rain
3/30/2024,27.99,32.54,27.02,28.65,83,1.54,220,803,Clouds,broken clouds
3/31/2024,30.8,37.07,30.02,31.24,70,1.54,90,701,Mist,mist
4/1/2024,33.72,40.72,32.77,34.43,63,1.57,171,804,Clouds,overcast clouds
4/2/2024,34.67,41.67,34.13,35.12,56,2.17,176,802,Clouds,scattered clouds
4/3/2024,33.59,40.59,32.94,34.38,62,1.49,158,800,Clear,sky is clear
4/4/2024,31.62,38.62,31.4,32,72,1.4,119,800,Clear,sky is clear
4/5/2024,27.38,30.96,26.66,28.21,83,5.66,160,500,Rain,light rain
4/6/2024,27.41,31.03,27.02,27.67,83,4.63,150,804,Clouds,overcast clouds
4/7/2024,25.82,26.91,25.02,26.35,94,2.57,60,301,Drizzle,drizzle
4/7/2024,25.82,26.91,25.02,26.35,94,2.57,60,701,Mist,mist
4/8/2024,23.77,24.24,23.02,24.15,78,3.09,40,804,Clouds,overcast clouds
4/9/2024,23.92,24.27,23.58,24.13,73,1.54,10,804,Clouds,overcast clouds
4/10/2024,25.77,26.47,25.66,25.99,79,2.23,160,804,Clouds,overcast clouds
4/11/2024,28.93,33.72,28.54,29.28,76,2.64,149,500,Rain,light rain
4/12/2024,29.59,34.96,29.02,29.99,74,3.6,160,803,Clouds,broken clouds
4/13/2024,30.45,37.45,29.02,31.24,79,4.63,160,803,Clouds,broken clouds
4/14/2024,29.72,36.72,29.02,30.45,84,3.6,70,803,Clouds,broken clouds
4/15/2024,30.24,37.24,29.71,30.94,77,3.68,139,804,Clouds,overcast clouds
4/16/2024,32.42,34.89,31.79,33.05,49,6.17,160,800,Clear,sky is clear
4/17/2024,30.71,37.71,30.26,31.2,75,2.6,162,804,Clouds,overcast clouds
4/18/2024,31.78,38.78,31.18,32.35,71,2.83,171,500,Rain,light rain
4/19/2024,33.15,40.15,32.67,33.57,69,3.37,178,802,Clouds,scattered clouds
4/20/2024,34.56,41.56,34.14,34.81,61,2.77,198,801,Clouds,few clouds
4/21/2024,31.96,38.96,31.81,32.14,73,2.45,18,802,Clouds,scattered clouds
4/22/2024,28.16,33.01,27.02,28.64,83,2.57,60,804,Clouds,overcast clouds
4/23/2024,31.2,38.2,30.02,31.74,84,3.09,80,500,Rain,light rain
4/24/2024,27.84,32.14,27.3,28.59,83,1.97,116,500,Rain,light rain
4/25/2024,31.81,38.81,31.33,32.17,70,2.57,0,802,Clouds,scattered clouds
4/26/2024,34.7,41.7,34.02,34.96,66,1.03,0,801,Clouds,few clouds
4/27/2024,37.93,44.68,37.5,38.49,43,3.6,244,800,Clear,sky is clear
4/28/2024,34.66,41.66,34.02,35.12,70,3.6,110,801,Clouds,few clouds
4/29/2024,34.32,41.32,33.75,34.79,68,1.4,136,800,Clear,sky is clear
4/30/2024,37.56,44.56,36.93,38.33,53,0.85,253,800,Clear,sky is clear
5/1/2024,26.86,28.93,26.62,27.37,74,3.09,360,803,Clouds,broken clouds
5/2/2024,26.06,26.06,25.71,26.35,78,4.12,70,804,Clouds,overcast clouds
5/3/2024,26.37,26.37,25.96,26.85,94,3.09,70,500,Rain,light rain
5/4/2024,32.66,39.66,32.55,32.87,67,2.4,194,801,Clouds,few clouds
5/5/2024,27.47,29.57,27.02,28.17,69,4.12,50,500,Rain,light rain
5/6/2024,25,25.88,24.81,26.02,89,2.06,310,501,Rain,moderate rain
5/7/2024,28.59,33.43,27.89,29.38,79,2.06,70,500,Rain,light rain
5/8/2024,28.98,33.45,28.28,30.02,74,3.09,140,500,Rain,light rain
5/9/2024,27.6,31.52,27.02,27.85,83,2.57,310,500,Rain,light rain
5/10/2024,30.58,37.58,30.39,31.02,74,3.09,110,803,Clouds,broken clouds
5/11/2024,31.98,38.98,31.75,32.21,70,4.63,170,500,Rain,light rain
5/12/2024,31.68,38.68,31.27,32.03,70,3.09,90,501,Rain,moderate rain
5/13/2024,27.6,29.37,27.09,29.02,65,3.6,360,501,Rain,moderate rain
5/14/2024,31.33,37.26,31.02,31.45,66,1.54,230,802,Clouds,scattered clouds
5/15/2024,30.44,37.44,30.02,30.55,79,2.57,80,500,Rain,light rain
5/16/2024,25.77,26.57,25.48,26.13,83,3.6,38,502,Rain,heavy intensity rain
5/17/2024,30.67,34.63,30.02,31.04,62,2.06,0,802,Clouds,scattered clouds
5/18/2024,31.34,38.34,31.02,31.74,74,3.6,170,500,Rain,light rain
5/19/2024,29.5,36.5,29.02,29.74,89,2.06,80,500,Rain,light rain
5/20/2024,30.75,37.75,30.02,31.09,74,3.6,290,802,Clouds,scattered clouds
5/21/2024,31.95,38.95,31.02,32.34,70,0.51,0,803,Clouds,broken clouds
5/22/2024,32.49,37.6,32.02,32.75,58,1.54,0,801,Clouds,few clouds
5/23/2024,30.98,37.55,30.65,32.02,70,2.06,0,500,Rain,light rain
5/24/2024,32.17,36.86,31.86,33.02,58,2.06,200,802,Clouds,scattered clouds
5/25/2024,29.43,36.43,28.82,29.8,89,3.6,130,500,Rain,light rain
5/26/2024,33.8,40.8,33.39,34.21,66,3.6,190,801,Clouds,few clouds
5/27/2024,35,42,34.02,35.47,62,3.09,280,800,Clear,sky is clear
5/28/2024,34.73,41.73,34.02,35.18,70,3.09,70,801,Clouds,few clouds
5/29/2024,35.82,42.82,35.02,36.25,63,1.54,0,802,Clouds,scattered clouds
5/30/2024,33.26,40.26,33.11,34.02,66,2.06,100,500,Rain,light rain
5/31/2024,28.72,33.58,28.02,29.28,78,2.57,290,500,Rain,light rain
6/1/2024,32.97,36.81,32.18,33.5,52,2.57,0,800,Clear,sky is clear
6/2/2024,33.78,40.78,33.17,34.45,66,2.06,0,803,Clouds,broken clouds
6/3/2024,35.15,42.15,34.02,35.78,66,1.54,0,801,Clouds,few clouds
6/4/2024,32.17,39.17,31.86,32.84,74,1.54,0,500,Rain,light rain
6/5/2024,27.17,31.22,26.64,27.44,90,3.1,32,501,Rain,moderate rain
6/6/2024,28.72,33.2,28.23,29.25,76,1.9,359,804,Clouds,overcast clouds
6/7/2024,30.62,37.62,30.3,31.02,74,2.57,90,701,Mist,mist
6/8/2024,29.48,36.48,29.18,29.8,85,2.05,59,500,Rain,light rain
6/9/2024,27.02,31.91,26.02,27.5,100,3.6,60,501,Rain,moderate rain
6/10/2024,31.45,38.45,30.72,32.1,77,1.88,140,500,Rain,light rain
6/11/2024,33.23,40.23,33.01,33.61,70,2.57,180,500,Rain,light rain
6/12/2024,34.89,41.89,34.43,35.51,63,2.06,330,803,Clouds,broken clouds
6/13/2024,35.76,42.76,35.54,36.01,56,3.47,258,804,Clouds,overcast clouds
6/14/2024,35.59,42.59,35.02,35.83,55,2.57,310,800,Clear,sky is clear
6/15/2024,33.39,40.39,32.95,33.84,75,2.57,300,701,Mist,mist
6/16/2024,35.06,42.06,34.02,35.8,75,1.54,0,801,Clouds,few clouds
6/17/2024,36.29,43.29,35.38,37.28,61,1.52,258,804,Clouds,overcast clouds
6/18/2024,33.17,40.17,32.02,33.99,79,2.06,70,801,Clouds,few clouds
6/19/2024,36.39,43.39,36.02,36.73,59,2.57,80,801,Clouds,few clouds
6/20/2024,35.05,42.05,34.67,35.32,66,2.06,110,801,Clouds,few clouds
6/21/2024,34.95,41.95,34.02,35.62,75,5.14,150,803,Clouds,broken clouds
6/22/2024,33.46,40.46,32.13,34.65,70,4.12,140,803,Clouds,broken clouds
6/23/2024,34.08,41.08,33.73,35.02,66,2.57,80,803,Clouds,broken clouds
6/24/2024,29.18,36.18,28.62,29.42,84,1.57,351,500,Rain,light rain
6/25/2024,30.26,37.26,29.71,30.92,83,3.09,133,502,Rain,heavy intensity rain
6/26/2024,29.76,36.67,29.02,30.07,79,4.12,120,500,Rain,light rain
6/27/2024,30.42,37.42,29.89,31.12,79,2.57,80,802,Clouds,scattered clouds
6/28/2024,31.74,38.31,31.24,33.02,66,6.69,140,500,Rain,light rain
6/29/2024,35.24,42.24,35.01,35.47,63,2.06,0,802,Clouds,scattered clouds
6/30/2024,35.3,42.3,35.02,35.62,55,2.57,220,800,Clear,sky is clear
7/1/2024,35.25,42.1,34.98,35.51,52,2.06,220,800,Clear,sky is clear
7/2/2024,31.25,38.25,30.7,32.16,70,1.15,71,804,Clouds,overcast clouds
7/3/2024,30.23,37.23,29.7,30.92,82,1.97,135,500,Rain,light rain
7/4/2024,32.73,39.73,32.02,33.07,66,3.09,160,802,Clouds,scattered clouds
7/5/2024,33.06,40.06,32.88,33.19,62,2.06,170,500,Rain,light rain
7/6/2024,32.61,39.61,32.53,33.02,66,4.12,120,500,Rain,light rain
7/7/2024,34.05,40.31,33.8,35.02,55,4.12,160,801,Clouds,few clouds
7/8/2024,34.09,41.09,33.83,34.31,62,4.12,160,802,Clouds,scattered clouds
7/9/2024,34.42,41.42,34.02,34.83,66,4.12,130,803,Clouds,broken clouds
7/10/2024,33.54,40.54,33.18,34.05,71,0.66,284,500,Rain,light rain
7/11/2024,34.36,41.36,34.02,34.78,66,3.09,90,801,Clouds,few clouds
7/12/2024,34.22,41.22,33.92,34.51,66,3.6,110,803,Clouds,broken clouds
7/13/2024,33.92,40.92,33.19,35.02,63,5.14,130,802,Clouds,scattered clouds
7/14/2024,31.22,38.2,30.19,32.64,70,2.57,110,502,Rain,heavy intensity rain
7/15/2024,33.22,40.22,32.1,34.03,62,4.12,10,500,Rain,light rain
7/16/2024,30.9,37.9,29.92,31.74,79,3.32,89,500,Rain,light rain
7/17/2024,29.64,36.64,28.66,30.4,85,1.73,325,804,Clouds,overcast clouds
7/18/2024,30.4,37.4,29.96,31.12,76,1.62,80,500,Rain,light rain
7/19/2024,30.56,37.56,30.02,30.77,84,3.09,80,500,Rain,light rain
7/20/2024,31.4,38.4,31.09,31.67,77,1.48,168,804,Clouds,overcast clouds
7/21/2024,33.05,40.05,32.34,34.02,66,3.09,90,500,Rain,light rain
7/22/2024,32.61,39.61,32.33,33.02,66,2.06,0,500,Rain,light rain
7/23/2024,28.42,34.9,28.05,29.04,89,3.63,268,502,Rain,heavy intensity rain
7/24/2024,28.88,35.27,28.22,30.02,84,3.6,330,500,Rain,light rain
7/25/2024,33.6,40.6,33.02,34.18,70,1.54,0,802,Clouds,scattered clouds
7/26/2024,37.11,44.11,36.02,37.32,59,4.63,290,800,Clear,sky is clear
7/27/2024,36.7,43.7,36.02,36.99,67,2.57,350,801,Clouds,few clouds
7/28/2024,30.6,37.6,30.02,30.9,79,2.06,40,501,Rain,moderate rain
7/29/2024,29.8,36.8,29.02,30.1,89,3.09,110,500,Rain,light rain
7/30/2024,29.66,36.66,29.48,29.83,87,2.3,158,501,Rain,moderate rain
7/31/2024,31.24,38.24,30.74,31.71,78,2.46,164,804,Clouds,overcast clouds
8/1/2024,30.01,34.13,29.66,31.02,66,4.12,170,501,Rain,moderate rain
8/2/2024,26.36,26.36,26.14,26.49,92,4.2,179,501,Rain,moderate rain
8/3/2024,30.22,37.22,29.96,30.55,79,2.06,10,500,Rain,light rain
8/4/2024,33.38,40.38,32.95,33.78,62,3.6,110,802,Clouds,scattered clouds
8/5/2024,33.09,40.09,32.87,33.24,70,2.57,0,803,Clouds,broken clouds
8/6/2024,33.8,40.8,33.45,35.02,66,3.09,90,803,Clouds,broken clouds
8/7/2024,34.17,41.17,33.87,35.02,63,1.03,0,500,Rain,light rain
8/8/2024,35.29,42.29,35.02,35.56,63,2.06,220,802,Clouds,scattered clouds
8/9/2024,36.6,43.6,36.02,36.88,52,2.57,230,800,Clear,sky is clear
8/10/2024,35.77,42.77,35.58,36.02,59,2.57,350,800,Clear,sky is clear
8/11/2024,30.09,37.09,29.02,30.25,84,5.14,300,801,Clouds,few clouds
8/12/2024,32.65,39.65,32.02,33.02,70,2.06,80,501,Rain,moderate rain
8/13/2024,31.14,37.98,30.53,31.72,70,1.6,325,804,Clouds,overcast clouds
8/14/2024,31.01,38.01,30.68,31.33,79,1.01,297,500,Rain,light rain
8/15/2024,32.39,39.39,32.19,32.85,76,1.66,326,500,Rain,light rain
8/16/2024,33.11,39.44,32.27,34.02,59,2.57,330,500,Rain,light rain
8/17/2024,33.11,40.11,32.02,33.28,74,2.06,0,803,Clouds,broken clouds
8/18/2024,32.62,39.62,31.7,33.21,70,1.54,340,500,Rain,light rain
8/19/2024,32.49,39.49,32.31,32.73,76,1.26,327,500,Rain,light rain
8/20/2024,33.33,40.33,33.08,33.58,69,0.44,272,804,Clouds,overcast clouds
8/21/2024,31.2,38.2,30.95,31.47,79,1.03,0,500,Rain,light rain
8/22/2024,33.16,40.16,32.85,33.56,62,1.03,0,500,Rain,light rain
8/23/2024,27.34,31.85,26.82,27.94,91,0.59,120,500,Rain,light rain
8/24/2024,30.51,37.51,30.02,30.9,79,1.54,0,500,Rain,light rain
8/25/2024,31.63,38.63,31.02,32.19,70,2.57,100,500,Rain,light rain
8/26/2024,31.7,38.7,31.11,32.27,73,1.07,329,500,Rain,light rain
8/27/2024,31.87,38.87,31.03,33.02,70,1.03,0,500,Rain,light rain
8/28/2024,34.81,41.81,34.33,35.07,59,1.54,0,801,Clouds,few clouds
8/29/2024,34.31,41.31,33.96,34.54,70,0.51,0,800,Clear,sky is clear
8/30/2024,29.2,36.01,28.02,29.65,83,3.09,290,803,Clouds,broken clouds
8/31/2024,31.22,38.22,30.69,31.58,80,1.65,349,803,Clouds,broken clouds
9/1/2024,31.03,36.51,30.39,32.02,66,2.06,50,801,Clouds,few clouds
9/2/2024,33.57,40.57,33.16,34.02,59,1.54,310,802,Clouds,scattered clouds
9/3/2024,31.94,38.94,31.63,32.14,71,1.95,331,803,Clouds,broken clouds
9/4/2024,34.21,41.21,33.92,34.36,62,2.06,0,800,Clear,sky is clear
9/5/2024,35.44,42.44,34.82,35.81,63,3.09,310,801,Clouds,few clouds
9/6/2024,33.94,40.94,33.35,34.34,69,4.12,336,804,Clouds,overcast clouds
9/7/2024,26.14,26.14,25.96,26.25,94,8.75,310,501,Rain,moderate rain
9/8/2024,28.48,35.1,28.02,28.86,89,7.2,160,502,Rain,heavy intensity rain
9/9/2024,30.56,37.56,30.01,31.22,89,3.09,70,500,Rain,light rain
9/10/2024,26.48,26.48,26.22,27.02,89,2.57,60,501,Rain,moderate rain
9/11/2024,26.04,26.04,25.02,26.56,94,4.12,30,503,Rain,very heavy rain
9/12/2024,29.8,36.79,29.05,30.72,79,3.6,280,501,Rain,moderate rain
9/13/2024,32.18,39.18,31.29,32.74,70,1.54,310,803,Clouds,broken clouds
9/14/2024,33.44,40.44,33.1,34.02,66,1.03,0,500,Rain,light rain
9/15/2024,33.68,40.68,33.02,33.89,66,1.03,0,801,Clouds,few clouds
9/16/2024,31.81,38.81,30.76,32.38,74,4.12,280,800,Clear,sky is clear
9/17/2024,29.93,34.87,29.25,31.02,70,5.14,360,500,Rain,light rain
9/18/2024,30.27,37.05,29.84,31,75,3.29,350,500,Rain,light rain
9/19/2024,33.96,40.08,33.66,34.42,55,5.14,40,800,Clear,sky is clear
9/20/2024,32.9,38.91,32.21,34.02,59,3.6,20,802,Clouds,scattered clouds
9/21/2024,31.6,38.6,30.7,32.29,74,4.12,270,800,Clear,sky is clear
9/22/2024,26.45,26.45,26.2,27.06,88,4.83,18,501,Rain,moderate rain
9/23/2024,25.68,26.42,24.77,26.52,81,0.93,244,500,Rain,light rain
9/24/2024,31.7,32.38,31.14,32.02,43,2.06,60,800,Clear,sky is clear
9/25/2024,28.31,30.57,27.79,29.02,65,1.03,0,803,Clouds,broken clouds
9/26/2024,31.16,36.83,30.96,31.36,66,1.54,100,801,Clouds,few clouds
9/27/2024,32.92,39.92,32.02,33.32,66,1.03,0,803,Clouds,broken clouds
9/28/2024,33.64,40.64,33.02,34.19,66,3.6,120,803,Clouds,broken clouds
9/29/2024,32.93,39.93,32.6,33.21,66,5.14,140,500,Rain,light rain
9/30/2024,28.74,34.64,28.12,29.65,83,1.57,100,501,Rain,moderate rain
10/1/2024,29.53,34.36,28.98,30.02,72,4.96,22,500,Rain,light rain
10/2/2024,28.28,28.87,27.91,28.59,51,5.14,360,801,Clouds,few clouds
10/3/2024,28.41,27.96,27.79,29.02,39,4.12,30,800,Clear,sky is clear
10/4/2024,29.93,29.1,29.32,30.14,35,2.57,70,800,Clear,sky is clear
10/5/2024,29.89,29.25,29.21,30.2,37,2.57,360,800,Clear,sky is clear
10/6/2024,31.37,31.72,30.7,31.69,42,3.09,360,800,Clear,sky is clear
10/7/2024,32.25,33.23,31.63,32.55,43,3.6,10,800,Clear,sky is clear
10/8/2024,31.04,31.76,30.48,31.27,45,3.09,350,800,Clear,sky is clear
10/9/2024,29.91,31.07,29.02,30.24,51,3.6,50,800,Clear,sky is clear
10/10/2024,29.99,30.73,29.3,31.02,48,2.57,40,801,Clouds,few clouds
10/11/2024,31.11,32.41,30.59,32.02,48,1.54,70,801,Clouds,few clouds
10/12/2024,30.12,31.39,29.67,31.02,51,2.06,80,500,Rain,light rain
10/13/2024,30.61,35.76,30.16,30.83,67,2.15,147,500,Rain,light rain
10/14/2024,31.82,36.08,31.02,32.35,58,1.03,0,803,Clouds,broken clouds
10/15/2024,30.18,36.52,29.67,30.5,74,3.6,10,803,Clouds,broken clouds
10/16/2024,29.88,33,29.42,30.19,62,2.57,40,500,Rain,light rain
10/17/2024,30.96,36.34,30.64,31.18,66,2.57,120,803,Clouds,broken clouds
10/18/2024,32.41,37.41,32.09,33.02,58,2.06,190,500,Rain,light rain
10/19/2024,31.89,36.24,31.49,32.23,58,2.57,60,500,Rain,light rain
10/20/2024,31.59,34.81,30.93,32.02,55,3.09,100,803,Clouds,broken clouds
10/21/2024,28.82,33.64,27.94,29.24,77,0.76,277,804,Clouds,overcast clouds
10/22/2024,30.28,34.73,29.4,30.82,66,3.09,350,500,Rain,light rain
10/23/2024,29.24,29.72,28.54,30.02,48,5.66,360,800,Clear,sky is clear
10/24/2024,29.39,27.94,28.89,30.02,25,5.14,20,801,Clouds,few clouds
10/25/2024,29.78,29.13,29.15,30.02,37,2.57,360,800,Clear,sky is clear
10/26/2024,31.1,29.75,30.44,31.52,29,5.14,330,800,Clear,sky is clear
10/27/2024,25.49,25.77,24.02,26.59,64,3.09,290,500,Rain,light rain
10/28/2024,24.43,24.5,23.76,24.97,60,2.06,350,800,Clear,sky is clear
10/29/2024,26.26,26.26,25.47,27.21,57,4.12,350,800,Clear,sky is clear
10/30/2024,29.65,30.26,29.02,30.14,48,2.06,350,800,Clear,sky is clear
10/31/2024,30.61,32.95,29.88,31.02,55,2.57,260,801,Clouds,few clouds
11/1/2024,31.4,30.73,30.55,32.02,35,3.6,20,800,Clear,sky is clear
11/2/2024,29.16,28.35,28.21,30.02,35,3.6,30,800,Clear,sky is clear
11/3/2024,26.39,26.39,25.4,27.02,47,3.6,10,800,Clear,sky is clear
11/4/2024,26.73,27.57,26.35,27.06,57,3.6,10,501,Rain,moderate rain
11/5/2024,25.6,25.63,24.5,27.02,54,2.06,40,500,Rain,light rain
11/6/2024,25.38,25.59,24.64,25.82,62,2.71,359,804,Clouds,overcast clouds
11/7/2024,28.01,27.81,27.09,29.02,42,2.57,50,800,Clear,sky is clear
11/8/2024,27.97,27.57,27.2,28.35,39,3.09,10,800,Clear,sky is clear
11/9/2024,28.39,28.7,27.79,29.02,48,2.06,350,800,Clear,sky is clear
11/10/2024,29.62,28.96,28.77,30.07,37,2.57,70,800,Clear,sky is clear
11/11/2024,29.96,29.88,29.15,31.02,42,2.06,20,800,Clear,sky is clear
11/12/2024,30.23,32.86,29.76,30.46,58,2.06,160,721,Haze,haze
11/13/2024,30.27,32.35,29.76,31.02,55,1.54,0,721,Haze,haze
11/14/2024,29.67,32.59,29.21,30.19,62,2.06,210,721,Haze,haze
11/15/2024,30.12,34.37,29.61,30.48,66,1.54,0,802,Clouds,scattered clouds
11/16/2024,30.07,32.57,29.82,31.02,58,2.06,140,500,Rain,light rain
11/17/2024,29.78,30.44,29,31.02,48,2.06,0,800,Clear,sky is clear
11/18/2024,28.17,31.58,27.17,28.97,74,2.54,3,802,Clouds,scattered clouds
11/19/2024,27.95,28.22,26.99,29.02,48,3.09,20,800,Clear,sky is clear
11/20/2024,25.69,25.54,24.7,27.02,47,3.09,100,800,Clear,sky is clear
11/21/2024,24.53,24.27,23.58,26.02,47,4.12,10,800,Clear,sky is clear
11/22/2024,24.24,24.26,23.45,24.65,59,2.19,23,803,Clouds,broken clouds
11/23/2024,24.38,24.36,23.63,24.76,57,1,42,802,Clouds,scattered clouds
11/24/2024,24.12,24.26,23.74,24.48,64,2.06,10,500,Rain,light rain
11/25/2024,27.05,28.53,26.02,27.55,65,1.54,190,803,Clouds,broken clouds
11/26/2024,22.09,21.82,21.02,22.5,56,4.12,350,804,Clouds,overcast clouds
11/27/2024,20.49,20.06,19.96,20.78,56,3.69,15,803,Clouds,broken clouds
11/28/2024,21.66,20.85,20.66,22.15,37,5.66,340,800,Clear,sky is clear
11/29/2024,24.09,23.31,23.16,25.02,29,2.06,0,800,Clear,sky is clear
11/30/2024,24.42,24.04,23.91,24.94,43,1.54,0,800,Clear,sky is clear
12/1/2024,24.93,24.97,24.02,25.46,57,1.54,60,801,Clouds,few clouds
12/2/2024,24.64,24.73,23.98,25.1,60,2.06,10,500,Rain,light rain
12/3/2024,26.13,26.13,25.38,26.78,69,3.09,120,803,Clouds,broken clouds
12/4/2024,25.44,25.74,24.59,26.2,65,3.6,130,803,Clouds,broken clouds
12/5/2024,25.2,25.37,24.48,26.19,61,3.09,120,802,Clouds,scattered clouds
12/6/2024,22.56,23.17,21.35,23.38,88,2.57,50,701,Mist,mist
12/7/2024,19.26,19.12,18.86,19.57,72,5.14,30,804,Clouds,overcast clouds
12/8/2024,16.99,16.39,16.39,17.35,63,4.12,30,804,Clouds,overcast clouds
12/9/2024,18.38,17.92,17.9,19.02,63,1.03,0,803,Clouds,broken clouds
12/10/2024,21.58,21.57,20.6,23.02,68,1.54,0,721,Haze,haze
12/11/2024,19.78,20.27,19.37,20.07,94,2.57,290,500,Rain,light rain
12/11/2024,19.78,20.27,19.37,20.07,94,2.57,290,701,Mist,mist
12/12/2024,17.35,16.89,17.02,17.62,67,3.6,360,804,Clouds,overcast clouds
12/13/2024,17.51,16.86,16.93,17.95,59,4.63,20,804,Clouds,overcast clouds
12/14/2024,15.68,14.48,14.83,17.02,45,6.17,20,804,Clouds,overcast clouds
12/15/2024,16.55,15.2,15.87,18.02,36,4.12,10,800,Clear,sky is clear
12/16/2024,19.13,17.83,18.2,20.02,28,3.09,0,802,Clouds,scattered clouds
12/17/2024,20.35,19.77,19.83,20.85,51,0.88,107,800,Clear,sky is clear
12/18/2024,22.32,21.52,21.64,22.79,35,2.57,40,800,Clear,sky is clear
12/19/2024,21.26,20.28,20.52,21.68,32,4.63,10,800,Clear,sky is clear
12/20/2024,20.94,20.06,20.47,21.32,37,2.57,110,800,Clear,sky is clear
12/21/2024,19.82,19.11,18.91,20.46,48,1.54,350,801,Clouds,few clouds
12/22/2024,20.32,19.37,19.59,21.02,37,3.6,80,800,Clear,sky is clear
12/23/2024,20.95,20.28,20.02,21.47,45,3.09,40,800,Clear,sky is clear
12/24/2024,20.15,19.19,19.31,21.02,37,3.6,20,800,Clear,sky is clear
12/25/2024,21.87,21.16,21.31,23.02,40,2.57,100,801,Clouds,few clouds
12/26/2024,22.06,21.52,21.32,23.02,46,3.6,20,803,Clouds,broken clouds
12/27/2024,19.11,18.75,18.61,20.02,64,3.6,20,804,Clouds,overcast clouds
12/28/2024,20.9,19.91,19.95,22.02,33,4.63,20,800,Clear,sky is clear
12/29/2024,20.86,20.05,20.53,21.28,40,3.6,160,801,Clouds,few clouds
12/30/2024,18.89,18.4,18.04,20.02,60,1.03,0,721,Haze,haze
12/31/2024,18.61,17.81,17.65,20.02,49,4.63,20,803,Clouds,broken clouds
1/1/2025,22.96,22.51,22.51,23.34,46,2.06,0,721,Haze,haze
1/2/2025,22.84,22.38,22.25,23.34,46,1.54,140,800,Clear,sky is clear
1/3/2025,24.83,24.49,24.02,25.22,43,3.09,20,800,Clear,sky is clear
1/4/2025,22.99,22.62,22.02,23.47,49,2.57,130,801,Clouds,few clouds
1/5/2025,23.88,23.32,23.02,24.34,38,1.54,0,800,Clear,sky is clear
1/6/2025,22.93,22.51,22.63,23.48,47,1.51,114,800,Clear,sky is clear
1/7/2025,21.08,20.6,20.69,21.33,52,1.54,0,721,Haze,haze
1/8/2025,22.22,22.06,21.55,23.02,60,2.57,100,801,Clouds,few clouds
1/9/2025,20.53,19.92,20.03,21.02,49,4.12,50,803,Clouds,broken clouds
1/10/2025,16.64,15.53,16.27,17.02,45,5.14,40,800,Clear,sky is clear
1/11/2025,16.37,15.21,15.93,16.63,44,4.63,10,800,Clear,sky is clear
1/12/2025,19.85,18.52,19.12,20.21,24,2.57,40,800,Clear,sky is clear
1/13/2025,20.37,19.51,19.92,20.84,40,2.57,90,800,Clear,sky is clear
1/14/2025,21.14,20.82,20.68,21.58,58,0.74,332,802,Clouds,scattered clouds
1/15/2025,21.68,20.77,20.95,23.02,33,4.12,20,800,Clear,sky is clear
1/16/2025,21.91,21.23,21.16,22.26,41,2.69,16,801,Clouds,few clouds
1/17/2025,21.65,21.07,21.02,22.11,46,2.57,110,801,Clouds,few clouds
1/18/2025,18.36,17.79,17.51,19.05,59,2.57,300,803,Clouds,broken clouds
1/19/2025,20.7,20.39,20.02,21.38,60,2.57,270,721,Haze,haze
1/20/2025,22.12,21.75,21.02,22.82,52,2.57,290,721,Haze,haze
1/21/2025,23.18,22.47,22.86,24.02,35,4.12,130,800,Clear,sky is clear
1/22/2025,20.74,20.44,20.09,21.36,60,1.54,280,721,Haze,haze
1/23/2025,21.7,21.83,21.39,22.15,73,3.17,156,804,Clouds,overcast clouds
1/24/2025,22.53,22.8,22.14,23.14,75,2.54,168,804,Clouds,overcast clouds
1/25/2025,23.32,23.74,22.77,24.02,78,4.63,150,500,Rain,light rain
1/26/2025,16.22,15.65,15.81,16.86,67,6.69,360,800,Clear,sky is clear
1/27/2025,16.5,15.33,16.01,16.8,43,2.44,12,804,Clouds,overcast clouds
1/28/2025,16.04,14.77,15.65,16.6,41,3.09,358,802,Clouds,scattered clouds
1/29/2025,17.17,16.2,16.71,17.6,48,2.53,325,803,Clouds,broken clouds
1/30/2025,20.86,20.2,20.35,21.29,46,2.57,150,802,Clouds,scattered clouds
1/31/2025,22.98,23.37,22.02,23.67,78,2.57,140,803,Clouds,broken clouds
2/1/2025,23.55,23.84,23.29,24.15,72,3.77,163,500,Rain,light rain
2/2/2025,23.4,23.7,23,23.85,73,4.12,140,803,Clouds,broken clouds
2/3/2025,17.47,16.81,17.02,18.23,59,5.66,10,500,Rain,light rain
2/4/2025,16.79,15.62,15.87,18.02,42,2.57,30,800,Clear,sky is clear
2/5/2025,18.42,17.96,18.02,18.77,63,2.06,140,804,Clouds,overcast clouds
2/6/2025,16.45,16.47,16.21,16.72,89,0.68,40,500,Rain,light rain
2/7/2025,15.49,14.74,15.15,16.06,63,5.14,30,804,Clouds,overcast clouds
2/8/2025,14.41,13.63,13.73,14.78,66,3.19,13,804,Clouds,overcast clouds
2/9/2025,14.51,13.48,14,14.76,56,1.18,8,804,Clouds,overcast clouds
2/10/2025,16.42,15.45,16.12,17.02,51,1.03,0,804,Clouds,overcast clouds
2/11/2025,19.63,19.22,19.28,20.08,60,2.06,210,721,Haze,haze
2/12/2025,20.62,20.75,20.02,21.12,77,2.57,0,701,Mist,mist
2/13/2025,19.27,19.13,18.91,19.62,72,1.57,352,803,Clouds,broken clouds
2/14/2025,20.74,20.78,20.4,22.02,73,3.6,120,701,Mist,mist
2/15/2025,21.55,21.93,20.8,22.29,83,2.06,140,701,Mist,mist
2/16/2025,16.5,16.5,16.02,17,88,5.14,30,500,Rain,light rain
2/17/2025,17.56,17.51,17.02,18.1,82,2.06,10,804,Clouds,overcast clouds
2/18/2025,15.59,15.5,15.35,16.02,88,4.12,40,804,Clouds,overcast clouds
2/19/2025,16.76,16.95,16.02,16.92,94,1.54,30,300,Drizzle,light intensity drizzle
2/19/2025,16.76,16.95,16.02,16.92,94,1.54,30,701,Mist,mist
2/20/2025,20.5,21.06,19.02,21.22,94,1.54,300,701,Mist,mist
2/21/2025,19.86,20.2,19.02,20.32,88,4.63,60,500,Rain,light rain
2/22/2025,18.88,19.28,18.02,19.45,94,3.09,40,701,Mist,mist
2/23/2025,16.66,16.39,16.09,17.17,77,5.66,20,500,Rain,light rain
2/24/2025,13.69,13.26,13.3,14.03,82,4.12,20,804,Clouds,overcast clouds
2/25/2025,14.39,14.34,14.02,15.07,94,1.54,360,500,Rain,light rain
2/25/2025,14.39,14.34,14.02,15.07,94,1.54,360,701,Mist,mist
2/26/2025,15.52,15.45,15.33,15.88,89,1.4,359,804,Clouds,overcast clouds
2/27/2025,19.75,19.82,19.57,20.06,78,0.67,185,804,Clouds,overcast clouds
2/28/2025,22.14,22.58,21.02,22.68,83,1.54,160,701,Mist,mist
3/1/2025,24.93,25.44,24.47,25.51,75,3.56,175,804,Clouds,overcast clouds
3/2/2025,24.98,25.6,24.47,25.58,79,2.9,169,804,Clouds,overcast clouds
3/3/2025,26.08,26.08,25.02,26.64,83,1.54,100,804,Clouds,overcast clouds
3/4/2025,28.81,32.14,28.62,28.98,69,2.09,153,803,Clouds,broken clouds
3/5/2025,24.04,24.54,22.82,26.02,78,3.09,160,500,Rain,light rain
3/6/2025,18.12,17.35,17.66,18.9,52,5.66,40,500,Rain,light rain
3/7/2025,17.38,16.43,16.81,18.02,48,3.09,60,800,Clear,sky is clear
3/8/2025,17.03,16.43,16.44,17.4,63,2.06,0,800,Clear,sky is clear
3/9/2025,18.57,18.49,18.15,19.02,77,2.06,40,701,Mist,mist
3/10/2025,20.24,20.77,19.02,20.5,94,1.54,250,701,Mist,mist
3/10/2025,20.24,20.77,19.02,20.5,94,1.54,250,300,Drizzle,light intensity drizzle
3/11/2025,23.33,23.76,22.73,23.93,78,1.54,210,701,Mist,mist
3/12/2025,25.18,26.05,24.02,25.47,88,2.57,130,500,Rain,light rain
3/13/2025,25.15,26.18,24.02,25.62,94,3.09,130,500,Rain,light rain
3/13/2025,25.15,26.18,24.02,25.62,94,3.09,130,701,Mist,mist
3/14/2025,27.65,30.72,26.97,28.35,76,3.78,160,500,Rain,light rain
3/15/2025,25.52,26.45,25.15,26.16,89,3.79,48,500,Rain,light rain
3/16/2025,20.86,20.12,20.37,22.02,43,5.66,30,800,Clear,sky is clear
3/17/2025,19.05,18.26,18.61,19.36,48,2.06,50,800,Clear,sky is clear
3/18/2025,18.08,17.3,17.53,19.02,52,4.12,360,800,Clear,sky is clear
3/19/2025,21.66,20.8,20.85,22.03,35,4.63,10,800,Clear,sky is clear
3/20/2025,24.55,23.77,23.82,25.02,27,1.54,0,800,Clear,sky is clear
3/21/2025,26.12,26.12,25.8,27.02,28,1.54,0,800,Clear,sky is clear
3/22/2025,26.1,26.1,25.9,26.28,34,1.54,0,800,Clear,sky is clear
3/23/2025,26.36,26.36,26.28,26.56,58,1.97,151,800,Clear,sky is clear
3/24/2025,27.75,28.79,27.02,28.02,57,1.54,0,721,Haze,haze
3/25/2025,27.3,29.18,26.85,27.64,68,0.67,208,804,Clouds,overcast clouds
3/26/2025,27.07,28.97,26.95,27.24,70,2.44,160,804,Clouds,overcast clouds
3/27/2025,26.95,29.36,26.33,27.56,77,2.92,143,800,Clear,sky is clear
3/28/2025,27.53,30.23,26.96,28.02,74,3.09,110,803,Clouds,broken clouds
3/29/2025,18.73,18.54,18.02,19.64,72,7.72,50,804,Clouds,overcast clouds
3/30/2025,16.27,15.7,15.73,16.81,67,3.6,30,804,Clouds,overcast clouds
3/31/2025,17.71,16.89,17.37,18.02,52,3.09,20,803,Clouds,broken clouds
4/1/2025,20.52,20.09,19.92,21.02,56,2.57,280,801,Clouds,few clouds
4/2/2025,24.01,23.93,23.02,24.45,56,2.06,300,804,Clouds,overcast clouds
4/3/2025,25.81,25.52,25.51,26.02,41,2.57,220,800,Clear,sky is clear
4/4/2025,25.15,25.31,24.52,25.79,61,3.6,120,803,Clouds,broken clouds
4/5/2025,21.92,22.62,21.64,22.09,94,2.57,90,804,Clouds,overcast clouds
4/6/2025,24.07,24.44,23.57,24.57,73,4.12,140,701,Mist,mist
4/7/2025,23.1,23.76,22.02,23.37,88,1.03,0,701,Mist,mist
4/8/2025,26.7,28.29,26.3,27.07,69,2.06,140,701,Mist,mist
4/9/2025,27.52,30.21,27.02,27.99,74,4.63,150,803,Clouds,broken clouds
4/10/2025,26.93,29.86,26.02,27.41,83,2.57,120,701,Mist,mist
4/11/2025,28.64,33.19,28.5,28.78,77,2.2,160,804,Clouds,overcast clouds
4/12/2025,31.38,38.38,30.95,31.68,71,2.54,1,804,Clouds,overcast clouds
4/13/2025,25.42,24.83,24.92,26.02,31,4.63,330,801,Clouds,few clouds
4/14/2025,27.13,27.07,26.38,28.02,42,2.57,270,800,Clear,sky is clear
4/15/2025,31.45,32.96,31.21,31.69,48,0.64,305,804,Clouds,overcast clouds
4/16/2025,30.51,29.51,30.36,31.02,33,3.6,130,801,Clouds,few clouds
4/17/2025,28.76,32.04,28.02,28.89,69,3.09,110,803,Clouds,broken clouds
4/18/2025,29.2,33.98,29.02,29.31,74,2.57,140,804,Clouds,overcast clouds
4/19/2025,34.13,41.13,33.96,34.33,60,2.72,173,804,Clouds,overcast clouds
4/20/2025,33.93,40.93,33.02,34.19,58,4.12,120,801,Clouds,few clouds
4/21/2025,31.35,38.35,30.9,31.76,73,3.23,177,801,Clouds,few clouds
4/22/2025,31.71,38.71,31.42,32.06,71,0.71,178,802,Clouds,scattered clouds
4/23/2025,33.77,40.77,33.55,34.03,63,0.63,112,802,Clouds,scattered clouds
4/24/2025,30.21,37.21,29.02,30.55,79,3.6,80,804,Clouds,overcast clouds
4/25/2025,27.42,29.09,26.77,28.02,65,2.57,50,803,Clouds,broken clouds
4/26/2025,27.46,30.55,27.02,27.63,78,4.12,150,500,Rain,light rain
4/27/2025,29.67,35.17,29.48,30.02,74,3.09,150,804,Clouds,overcast clouds
4/28/2025,25.43,26.22,25.04,25.6,84,3.03,10,501,Rain,moderate rain
4/29/2025,28.65,32.67,28.49,28.77,74,1.1,309,803,Clouds,broken clouds
4/30/2025,29.63,35.07,29.02,29.97,74,2.57,120,802,Clouds,scattered clouds
5/1/2025,26.28,26.28,25.66,27.02,78,3.09,290,500,Rain,light rain
5/2/2025,32.02,34.64,31.73,32.17,51,2.06,140,802,Clouds,scattered clouds
5/3/2025,31.84,38.84,31.02,32.1,70,2.06,110,803,Clouds,broken clouds
5/4/2025,33.19,40.19,32.78,33.56,66,2.57,130,803,Clouds,broken clouds
5/5/2025,34.07,41.07,33.84,34.34,59,2.57,120,802,Clouds,scattered clouds
5/6/2025,32.41,39.41,31.99,32.7,74,4.12,110,803,Clouds,broken clouds
5/7/2025,33.12,40.12,32.02,33.59,74,3.6,100,804,Clouds,overcast clouds
5/8/2025,35.48,42.48,35.17,35.78,65,2.11,189,804,Clouds,overcast clouds
5/9/2025,33.75,40.75,33.47,34.21,66,4.12,70,802,Clouds,scattered clouds
5/10/2025,29.76,35.4,28.97,30.71,74,2.57,70,500,Rain,light rain
5/11/2025,24.01,23.95,23.65,25.02,57,4.12,340,500,Rain,light rain
5/12/2025,28.97,28.76,28.69,29.13,42,2.06,140,800,Clear,sky is clear
5/13/2025,30.23,33.07,30.07,30.37,59,2.77,164,801,Clouds,few clouds
5/14/2025,30.29,33.83,29.37,30.77,62,2.26,143,500,Rain,light rain
5/15/2025,30.17,32.36,30.1,30.25,56,1.43,55,803,Clouds,broken clouds
5/16/2025,27.65,30,26.83,28.44,70,2.53,175,500,Rain,light rain
5/17/2025,30.87,36.39,29.97,31.85,67,1.5,132,500,Rain,light rain
5/18/2025,31.15,36.52,30.71,31.45,65,0.99,103,803,Clouds,broken clouds
5/19/2025,29.99,36.99,29.02,31.32,79,2.06,140,500,Rain,light rain
5/20/2025,32.92,38.28,31.6,34.38,57,2.22,110,803,Clouds,broken clouds
5/21/2025,33.48,40.48,33.02,34.23,70,3.09,0,803,Clouds,broken clouds
5/22/2025,32.55,39.55,31.02,33.39,79,4.63,120,803,Clouds,broken clouds
5/23/2025,28.78,31.91,26.19,31.57,68,2.16,325,500,Rain,light rain
5/24/2025,23.93,24.55,23.11,25.46,83,4.63,350,500,Rain,light rain
5/25/2025,24.97,25.43,24.72,25.31,73,4.12,20,803,Clouds,broken clouds
5/26/2025,27.16,28.36,26.72,27.56,61,3.09,20,800,Clear,sky is clear
5/27/2025,25.42,26.05,23.76,26.4,78,2.57,350,804,Clouds,overcast clouds
5/28/2025,30,36.04,29.02,30.6,74,1.54,0,500,Rain,light rain
5/29/2025,28.23,34.29,26.54,29.73,89,2.57,60,500,Rain,light rain
5/30/2025,29.28,34.18,28.46,30.06,74,1.54,0,500,Rain,light rain
5/31/2025,33.38,40.38,33.02,34.03,66,3.09,160,802,Clouds,scattered clouds
6/1/2025,36.99,43.99,35.28,38.83,56,3.6,260,800,Clear,sky is clear
6/2/2025,37.07,44.07,36.29,37.73,49,3.6,280,800,Clear,sky is clear
6/3/2025,33.24,40.24,32.02,34.14,62,4.63,30,800,Clear,sky is clear
6/4/2025,31.83,38.22,30.77,32.57,65,2.81,69,803,Clouds,broken clouds
6/5/2025,32.13,39.13,31.52,32.92,70,2.06,0,500,Rain,light rain
6/6/2025,33.06,40.06,31.61,34.2,74,3.6,80,803,Clouds,broken clouds
6/7/2025,33.64,40.64,32.17,34.72,75,5.14,100,802,Clouds,scattered clouds
