mintemp,temp,dewpoint,maxtemp
0.244595676541233,0.2761523046092185,0.299203187250996,0.28018372703412064
0.2682145716573259,0.280561122244489,0.353784860557769,0.25196850393700776
0.30664531625300234,0.3002004008016032,0.30239043824701195,0.2654199475065616
0.3694955964771817,0.34549098196392786,0.4223107569721115,0.3313648293963254
0.4027221777421937,0.3955911823647295,0.4816733067729083,0.33825459317585305
0.23178542834267413,0.31663326653306617,0.3254980079681275,0.37532808398950124
0.3398718975180144,0.3775551102204409,0.31195219123505974,0.35433070866141725
0.4211369095276221,0.40320641282565123,0.46254980079681274,0.3828740157480315
0.48638911128903123,0.45531062124248495,0.5274900398406375,0.39009186351706027
0.4799839871897517,0.41322645290581156,0.5549800796812749,0.304790026246719
0.5028022417934348,0.45531062124248495,0.5752988047808765,0.41830708661417315
0.4827862289831865,0.5102204408817634,0.6374501992031874,0.5026246719160103
0.49999999999999994,0.5847695390781562,0.603585657370518,0.6069553805774277
0.3771016813450761,0.579559118236473,0.5330677290836654,0.5895669291338582
0.08967173738991194,0.22124248496993987,0.19003984063745022,0.31955380577427817
0.07485988791032827,0.11142284569138283,0.11513944223107572,0.1584645669291338
0.1281024819855885,0.12505010020040086,0.12749003984063745,0.1794619422572179
0.15172137710168132,0.17515030060120246,0.15498007968127492,0.2020997375328084
0.2421937550040032,0.24368737474949903,0.2752988047808765,0.24081364829396323
0.19375500400320256,0.23767535070140283,0.2673306772908367,0.24835958005249337
0.30144115292233786,0.3098196392785571,0.401593625498008,0.3497375328083989
0.40592473979183347,0.43567134268537083,0.547410358565737,0.436023622047244
0.2894315452361889,0.4172344689378758,0.45019920318725104,0.4550524934383201
0.0,0.13386773547094188,0.09123505976095617,0.24179790026246717
0.0940752602081665,0.1474949899799599,0.15219123505976098,0.19225721784776895
0.2618094475580464,0.33346693386773546,0.4143426294820717,0.34776902887139105
0.03402722177742193,0.1314629258517035,0.11195219123505978,0.22998687664041995
0.0508406725380304,0.16032064128256512,0.03745019920318726,0.22375328083989499
0.11409127301841471,0.21162324649298608,0.039043824701195246,0.2522965879265092
0.18855084067253802,0.22364729458917837,0.16254980079681275,0.3001968503937008
0.25260208166533227,0.268937875751503,0.3107569721115538,0.3343175853018372
0.3502802241793434,0.43927855711422853,0.555776892430279,0.4442257217847768
0.5404323458767013,0.5334669338677354,0.6505976095617529,0.5223097112860892
0.5416333066453163,0.5158316633266533,0.648207171314741,0.45767716535433056
0.6012810248198559,0.5811623246492985,0.6944223107569721,0.5318241469816272
0.587670136108887,0.5735470941883767,0.701593625498008,0.5150918635170603
0.6144915932746198,0.5967935871743488,0.7075697211155378,0.56003937007874
0.6373098478783026,0.6084168336673346,0.7223107569721116,0.5580708661417322
0.6605284227381905,0.6188376753507014,0.7358565737051793,0.5531496062992125
0.6293034427542035,0.6104208416833667,0.7282868525896414,0.5521653543307086
0.6353082465972779,0.6308617234468938,0.7418326693227091,0.5859580052493437
0.5308246597277821,0.6545090180360722,0.7219123505976095,0.6807742782152229
0.5384307445956764,0.6484969939879759,0.6310756972111554,0.7152230971128608
0.3626901521216973,0.5755511022044089,0.5752988047808765,0.6361548556430445
0.3206565252201762,0.31863727454909824,0.3286852589641434,0.30347769028871385
0.33146517213771015,0.29338677354709425,0.3187250996015936,0.25557742782152226
0.3835068054443554,0.33346693386773546,0.40239043824701193,0.280511811023622
0.4535628502802241,0.4236472945891783,0.5155378486055776,0.3963254593175852
0.5172137710168134,0.5150300601202404,0.598804780876494,0.5009842519685038
0.38590872698158524,0.41322645290581156,0.4852589641434263,0.36811023622047245
0.48638911128903123,0.4629258517034069,0.48047808764940236,0.44750656167978997
0.46677341873498795,0.47094188376753504,0.5422310756972111,0.45406824146981617
0.4303442754203362,0.42404809619238487,0.5071713147410358,0.40452755905511806
0.5052041633306645,0.4869739478957917,0.5792828685258965,0.4635826771653543
0.3346677341873499,0.3847695390781564,0.41115537848605577,0.33891076115485563
0.21497197758206565,0.33346693386773546,0.250199203187251,0.37106299212598426
0.2586068855084067,0.31422845691382767,0.2450199203187251,0.3379265091863517
0.3246597277822258,0.344689378757515,0.3796812749003984,0.37106299212598426
0.42193755004003203,0.41803607214428856,0.4936254980079682,0.42979002624671914
0.48078462770216174,0.48056112224448905,0.5486055776892431,0.4711286089238844
0.47317854283426736,0.48296593186372744,0.49123505976095616,0.4812992125984251
0.4303442754203362,0.4917835671342686,0.5629482071713148,0.488517060367454
0.4811849479583667,0.48777555110220444,0.5075697211155379,0.4370078740157479
0.48638911128903123,0.49378757515030064,0.545019920318725,0.48228346456692905
0.5220176140912729,0.5170340681362726,0.5872509960159362,0.49540682414698156
0.5300240192153722,0.5278557114228457,0.6087649402390438,0.49967191601049854
0.5724579663730984,0.5543086172344691,0.6398406374501993,0.5078740157480314
0.5740592473979182,0.5831663326653307,0.6386454183266932,0.5475721784776902
0.5700560448358687,0.5803607214428859,0.6378486055776892,0.5564304461942257
0.6148919135308246,0.5951903807615231,0.6764940239043824,0.5331364829396325
0.42153722978382707,0.47975951903807607,0.47250996015936253,0.4708005249343832
0.45756605284227386,0.40721442885771547,0.3215139442231076,0.33398950131233585
0.5120096076861489,0.5150300601202404,0.5418326693227091,0.5075459317585301
0.5976781425140112,0.5811623246492985,0.6733067729083665,0.5564304461942257
0.5944755804643715,0.5891783567134268,0.6900398406374502,0.5370734908136482
0.6244995996797438,0.6072144288577155,0.7107569721115539,0.5479002624671915
0.6365092073658927,0.6088176352705412,0.7055776892430279,0.519028871391076
0.6609287429943955,0.6196392785571143,0.7278884462151395,0.5498687664041995
0.709767814251401,0.6941883767535071,0.7884462151394422,0.6535433070866141
0.756204963971177,0.795190380761523,0.8139442231075698,0.7480314960629921
0.7309847878302642,0.8316633266533064,0.7840637450199204,0.8070866141732282
0.7762209767814252,0.857314629258517,0.804780876494024,0.845800524934383
0.8038430744595677,0.8204408817635269,0.8362549800796812,0.7654199475065615
0.6000800640512409,0.701002004008016,0.7737051792828685,0.6830708661417322
0.5812650120096077,0.5374749498997997,0.6031872509960159,0.452755905511811
0.5292233787029623,0.4933867735470941,0.5856573705179283,0.4192913385826771
0.5544435548438751,0.4905811623246494,0.5784860557768925,0.40879265091863515
0.599279423538831,0.5595190380761523,0.654581673306773,0.492782152230971
0.6060848678943154,0.5498997995991983,0.6474103585657371,0.4747375328083989
0.6689351481184949,0.6336673346693387,0.7262948207171314,0.5754593175853017
0.7181745396317054,0.6973947895791583,0.799203187250996,0.6289370078740156
0.7257806244995997,0.7639278557114226,0.8446215139442231,0.727034120734908
0.743795036028823,0.8044088176352704,0.8442231075697211,0.7818241469816272
0.7542033626901521,0.8264529058116232,0.79800796812749,0.8139763779527558
0.7598078462770215,0.8216432865731462,0.7784860557768924,0.8162729658792649
0.5980784627702163,0.6897795591182365,0.7254980079681275,0.6496062992125984
0.6517213771016814,0.5967935871743488,0.5984063745019921,0.5311679790026246
0.5544435548438751,0.49539078156312627,0.550199203187251,0.40387139107611547
0.611689351481185,0.5779559118236475,0.6697211155378486,0.5082020997375327
0.7277822257806243,0.707815631262525,0.79800796812749,0.6417322834645669
0.7914331465172137,0.7707414829659318,0.852589641434263,0.704724409448819
0.8030424339471578,0.7338677354709418,0.8474103585657371,0.6161417322834645
0.7974379503602882,0.7603206412825649,0.8633466135458168,0.6614173228346456
0.7922337870296237,0.7751503006012024,0.8764940239043826,0.6916010498687664
0.7001601281024821,0.7218436873747496,0.754183266932271,0.5869422572178477
0.7249799839871898,0.7278557114228457,0.7721115537848606,0.6564960629921259
0.7814251401120895,0.76312625250501,0.8565737051792829,0.6814304461942255
0.8010408326661329,0.8501002004008016,0.8812749003984063,0.8192257217847767
0.8154523618895115,0.8364729458917834,0.8844621513944223,0.7637795275590551
0.8402722177742195,0.8352705410821644,0.8932270916334661,0.7578740157480315
0.8642914331465172,0.8440881763527053,0.9115537848605578,0.7467191601049867
0.8538831064851882,0.8617234468937875,0.9179282868525896,0.7913385826771651
0.8678943154523617,0.8444889779559117,0.9071713147410359,0.7460629921259843
0.7590072057646116,0.7723446893787573,0.8657370517928287,0.6732283464566928
0.5988791032826262,0.5723446893787576,0.6215139442231076,0.47211286089238835
0.620496397117694,0.5787575150300601,0.5932270916334661,0.48884514435695536
0.7229783827061649,0.7170340681362726,0.7709163346613546,0.6519028871391075
0.8034427542033626,0.7731462925851702,0.8593625498007967,0.6722440944881889
0.5916733386709367,0.5687374749498999,0.6450199203187251,0.4921259842519684
0.6361088871096878,0.6140280561122244,0.6250996015936254,0.5577427821522308
0.6777421937550039,0.6981963927855712,0.703187250996016,0.6463254593175851
0.8078462770216173,0.7719438877755511,0.8298804780876494,0.686023622047244
0.8450760608486789,0.8240480961923846,0.8792828685258963,0.742782152230971
0.8510808646917534,0.9134268537074148,0.9079681274900399,0.8707349081364828
0.88951160928743,0.9639278557114228,0.8856573705179283,0.9117454068241468
0.9227381905524419,0.9967935871743487,0.901593625498008,0.9498031496062991
0.7069655724579664,0.8480961923847694,0.900796812749004,0.7650918635170603
0.7377902321857486,0.644488977955912,0.7294820717131474,0.5016404199475064
0.7566052842273818,0.7018036072144289,0.8366533864541833,0.56003937007874
0.8462770216172939,0.7883767535070141,0.897609561752988,0.6525590551181102
0.6993594875900722,0.7374749498997997,0.8155378486055777,0.6683070866141732
0.7153722978382706,0.6973947895791583,0.7426294820717131,0.5764435695538056
0.6813450760608486,0.5871743486973948,0.701593625498008,0.4294619422572178
0.7481985588470776,0.6953907815631264,0.7370517928286853,0.5908792650918634
0.77742193755004,0.7655310621242486,0.8294820717131474,0.6715879265091862
0.8722978382706164,0.9118236472945891,0.8713147410358565,0.8320209973753279
0.8791032826261007,0.9607214428857713,0.849402390438247,0.8772965879265091
0.8955164131305042,0.9482965931863727,0.8729083665338646,0.8661417322834644
0.9087269815852681,0.9298597194388776,0.946613545816733,0.8366141732283463
0.9391513210568454,0.9527054108216433,0.9589641434262947,0.8618766404199474
0.9335468374699758,0.949498997995992,0.956175298804781,0.8766404199475064
0.823058446757406,0.9535070140280559,0.9135458167330678,0.8799212598425195
0.799039231385108,0.7635270541082164,0.8243027888446215,0.6246719160104985
0.8831064851881505,0.813627254509018,0.9270916334661355,0.6525590551181102
0.8759007205764611,0.8344689378757515,0.9274900398406375,0.7020997375328082
0.8875100080064051,0.824448897795591,0.9362549800796814,0.6568241469816272
0.8690952762209767,0.816432865731463,0.9223107569721115,0.6637139107611547
0.8642914331465172,0.8380761523046092,0.9147410358565736,0.6912729658792649
0.8698959167333866,0.8897795591182365,0.9231075697211156,0.7798556430446193
0.8678943154523617,0.9006012024048096,0.9159362549800797,0.7929790026246717
0.9163330664531624,0.9318637274549098,0.9298804780876494,0.8270997375328082
0.977582065652522,0.9214428857715431,0.9900398406374501,0.7536089238845143
0.9279423538831064,0.9158316633266532,0.9573705179282869,0.799540682414698
0.9303442754203362,0.8981963927855712,0.9438247011952191,0.7473753280839894
0.9051240992794234,0.8677354709418839,0.9406374501992033,0.7135826771653542
0.8730984787830265,0.840881763527054,0.9278884462151394,0.6814304461942255
0.8751000800640512,0.8472945891783568,0.9171314741035858,0.700787401574803
0.8975180144115291,0.8781563126252505,0.9111553784860557,0.7332677165354329
0.8887109687750199,0.8709418837675351,0.9370517928286853,0.7109580052493438
0.8474779823859087,0.824448897795591,0.8860557768924303,0.6968503937007873
0.9147317854283425,0.9190380761523045,0.9055776892430278,0.7801837270341205
0.9307445956765412,0.9194388777555109,0.951394422310757,0.7805118110236218
0.9239391513210569,0.8725450901803606,0.9681274900398406,0.7119422572178478
0.9079263410728582,0.8484969939879758,0.9593625498007968,0.6715879265091862
0.9131305044035227,0.8513026052104209,0.941035856573705,0.6978346456692912
0.9271417133706965,0.8416833667334669,0.9501992031872509,0.6961942257217846
0.9371497197758205,0.8605210420841682,0.9641434262948206,0.6883202099737531
0.9351481184947956,0.878557114228457,0.9597609561752988,0.7250656167979002
0.9259407526020818,0.8777555110220441,0.953386454183267,0.7303149606299211
0.9079263410728582,0.845691382765531,0.9569721115537849,0.6814304461942255
0.9335468374699758,0.8693386773547094,0.9501992031872509,0.715551181102362
0.931945556445156,0.9002004008016031,0.9350597609561754,0.7641076115485563
0.9375500400320256,0.857314629258517,0.9394422310756972,0.6558398950131232
0.9243394715772617,0.8749498997995993,0.944621513944223,0.7309711286089238
0.8430744595676543,0.7891783567134267,0.9354581673306773,0.6069553805774277
0.8238590872698159,0.7246492985971944,0.8434262948207171,0.5475721784776902
0.8811048839071256,0.8160320641282564,0.9231075697211156,0.6692913385826771
0.9051240992794234,0.8212424849699398,0.9318725099601594,0.6437007874015747
0.8987189751801439,0.8480961923847694,0.9521912350597609,0.7057086614173227
0.9591673338670936,0.8909819639278556,0.9784860557768925,0.7335958005249341
0.9611689351481185,0.9062124248496992,0.9928286852589642,0.7522965879265091
0.9591673338670936,0.9118236472945891,0.9880478087649401,0.7660761154855642
0.9467574059247397,0.9110220440881762,0.9585657370517929,0.7808398950131232
0.9119295436349077,0.8308617234468938,0.9645418326693226,0.644028871391076
0.9179343474779822,0.8897795591182365,0.9649402390438248,0.7627952755905509
0.9091273018414732,0.8833667334669337,0.9474103585657371,0.7404855643044619
0.9379503602882304,0.9138276553106213,0.9565737051792828,0.7893700787401574
0.9443554843875099,0.8989979959919838,0.9721115537848605,0.7473753280839894
0.9147317854283425,0.8861723446893788,0.9864541832669323,0.7467191601049867
0.910728582866293,0.8757515030060121,0.9637450199203187,0.7303149606299211
0.9051240992794234,0.8541082164328657,0.9394422310756972,0.6922572178477688
0.9235388310648518,0.8841683366733466,0.9462151394422312,0.7529527559055118
0.9175340272217773,0.8821643286573146,0.9402390438247011,0.7431102362204722
0.9531625300240192,0.9230460921843686,0.941035856573705,0.7919947506561678
0.933146517213771,0.9082164328657314,0.9402390438247011,0.7509842519685037
0.9267413931144917,0.8881763527054107,0.9362549800796814,0.7050524934383202
0.9263410728582866,0.8741482965931862,0.9215139442231076,0.6922572178477688
0.9103282626100881,0.9202404809619238,0.8936254980079682,0.7568897637795273
0.8967173738991192,0.8108216432865731,0.8856573705179283,0.6453412073490813
0.8734987990392313,0.8052104208416833,0.9334661354581674,0.6371391076115485
0.8791032826261007,0.8248496993987977,0.9378486055776892,0.6584645669291338
0.8947157726180943,0.8424849699398798,0.948207171314741,0.6742125984251968
0.8570856685348278,0.8452905811623246,0.9278884462151394,0.6991469816272966
0.8658927141713371,0.8501002004008016,0.9175298804780877,0.7293307086614174
0.8915132105684547,0.8777555110220441,0.9266932270916334,0.7549212598425195
0.8718975180144115,0.8753507014028055,0.9227091633466137,0.7509842519685037
0.9167333867093674,0.9170340681362725,0.9354581673306773,0.802821522309711
0.9691753402722176,0.9519038076152304,0.9968127490039841,0.8001968503937007
0.8807045636509205,0.8460921843687375,0.9342629482071713,0.7168635170603674
0.9343474779823857,0.905811623246493,0.9669322709163347,0.7601706036745406
0.9283426741393115,0.8629258517034069,0.9792828685258964,0.6837270341207347
0.8863090472377901,0.8232464929859717,0.951394422310757,0.6374671916010497
0.8746997598078463,0.8344689378757515,0.9322709163346613,0.6781496062992125
0.8919135308246597,0.8252505010020039,0.9458167330677291,0.6594488188976377
0.8927141713370697,0.8272545090180361,0.9294820717131475,0.6427165354330707
0.898318654923939,0.8348697394789579,0.9462151394422312,0.6541994750656166
0.88791032826261,0.8533066132264528,0.9334661354581674,0.7191601049868765
0.8490792634107285,0.8260521042084168,0.9163346613545816,0.6866797900262465
0.8606885508406725,0.7895791583166332,0.9055776892430278,0.6292650918635169
0.8759007205764611,0.8577154308617234,0.9143426294820717,0.7385170603674538
0.9307445956765412,0.9102204408817636,0.9382470119521912,0.754265091863517
0.897918334667734,0.8328657314629258,0.9330677290836654,0.6564960629921259
0.9295436349079262,0.8765531062124248,0.952988047808765,0.7234251968503937
0.8710968775020016,0.8160320641282564,0.9314741035856574,0.6410761154855641
0.9095276220976782,0.8585170340681363,0.9454183266932271,0.7050524934383202
0.897117694155324,0.8352705410821644,0.9486055776892431,0.6505905511811023
0.8867093674939952,0.8356713426853708,0.9250996015936256,0.6637139107611547
0.9163330664531624,0.8733466933867735,0.944621513944223,0.7053805774278215
0.9279423538831064,0.8781563126252505,0.9541832669322708,0.7132545931758529
0.9483586869495595,0.8993987975951903,0.951394422310757,0.7178477690288714
0.932345876701361,0.9238476953907815,0.9581673306772908,0.7903543307086613
0.9019215372297837,0.8344689378757515,0.9661354581673308,0.6581364829396326
0.877101681345076,0.8517034068136271,0.9521912350597609,0.7158792650918633
0.942353883106485,0.8877755511022045,0.9637450199203187,0.7280183727034117
0.8991192954363489,0.8248496993987977,0.944621513944223,0.6384514435695537
0.8907125700560448,0.8376753507014028,0.9310756972111552,0.681758530183727
0.8843074459567652,0.8312625250501002,0.9322709163346613,0.663057742782152
0.9123298638911128,0.8873747494989979,0.953386454183267,0.7529527559055118
0.9419535628502802,0.9186372745490983,0.9625498007968128,0.7568897637795273
0.8362690152121697,0.8076152304609219,0.9067729083665338,0.6532152230971127
0.8238590872698159,0.7935871743486973,0.8541832669322709,0.6620734908136481
0.7950360288230585,0.7931863727454909,0.8330677290836654,0.666994750656168
0.7465972778222578,0.7378757515030059,0.7430278884462151,0.6735564304461941
0.8502802241793435,0.8412825651302605,0.8454183266932271,0.7024278215223096
0.7682145716573259,0.8212424849699398,0.8362549800796812,0.6975065616797897
0.756204963971177,0.7655310621242486,0.8,0.6640419947506562
0.800240192153723,0.758316633266533,0.8386454183266931,0.6253280839895012
0.8686949559647716,0.8553106212424848,0.9023904382470119,0.7076771653543306
0.9167333867093674,0.8989979959919838,0.9286852589641433,0.7381889763779526
0.9139311449159326,0.8865731462925852,0.9462151394422312,0.7381889763779526
0.8506805444355483,0.8044088176352704,0.9262948207171314,0.6312335958005248
0.8674939951961569,0.8372745490981963,0.9067729083665338,0.6820866141732282
0.8931144915932745,0.8505010020040078,0.9342629482071713,0.696522309711286
0.8811048839071256,0.8396793587174347,0.900796812749004,0.7106299212598426
0.8466773418734987,0.840881763527054,0.9211155378486054,0.6699475065616798
0.7846277021617294,0.6861723446893788,0.8239043824701195,0.4970472440944882
0.742594075260208,0.678557114228457,0.801593625498008,0.5295275590551181
0.7758206565252201,0.701002004008016,0.8231075697211157,0.5538057742782152
0.823058446757406,0.7567134268537072,0.8836653386454184,0.5921916010498687
0.8550840672538029,0.7955911823647295,0.9095617529880478,0.6486220472440942
0.844275420336269,0.774749498997996,0.9071713147410359,0.6053149606299211
0.8602882305844677,0.804809619238477,0.9203187250996016,0.6614173228346456
0.8674939951961569,0.8132264529058115,0.9462151394422312,0.6633858267716535
0.8562850280224179,0.8224448897795591,0.9227091633466137,0.6971784776902885
0.8622898318654924,0.8368737474949899,0.9087649402390439,0.7142388451443569
0.8174539631705364,0.8168336673346692,0.9,0.6978346456692912
0.8170536429143314,0.8100200400801603,0.8828685258964144,0.6945538057742782
0.8514811849479582,0.7967935871743486,0.8713147410358565,0.6322178477690287
0.8462770216172939,0.761122244488978,0.9059760956175299,0.5748031496062991
0.8702962369895917,0.7723446893787573,0.9223107569721115,0.6017060367454067
0.7946357085668534,0.7382765531062125,0.9019920318725099,0.5593832020997375
0.8514811849479582,0.7879759519038076,0.901195219123506,0.6404199475065615
0.8502802241793435,0.8176352705410821,0.8888446215139443,0.6863517060367452
0.7926341072858287,0.8024048096192384,0.8729083665338646,0.704724409448819
0.7906325060048038,0.7987975951903807,0.8621513944223107,0.6994750656167978
0.8438751000800642,0.818436873747495,0.8613545816733067,0.704724409448819
0.8534827862289831,0.8352705410821644,0.9031872509960159,0.7224409448818898
0.8518815052041633,0.8376753507014028,0.9151394422310758,0.719816272965879
0.8646917534027221,0.8320641282565131,0.9199203187250996,0.7040682414698161
0.6961569255404323,0.6609218436873747,0.7665338645418327,0.5170603674540681
0.6477181745396317,0.6304609218436874,0.6764940239043824,0.5321522309711286
0.6849479583666933,0.6657314629258517,0.7398406374501991,0.5659448818897637
0.6661329063250601,0.6440881763527053,0.7127490039840637,0.5488845144356954
0.6797437950360288,0.6521042084168336,0.7354581673306773,0.5426509186351705
0.6641313050440352,0.6360721442885773,0.7525896414342629,0.5272309711286088
0.7245796637309847,0.6869739478957917,0.799203187250996,0.5629921259842519
0.6581265012009607,0.6476953907815632,0.7517928286852589,0.5570866141732282
0.6301040832666134,0.6452905811623246,0.6912350597609561,0.5518372703412072
0.6477181745396317,0.6869739478957917,0.7470119521912352,0.590551181102362
0.6741393114491592,0.719438877755511,0.7211155378486056,0.6089238845144357
0.7566052842273818,0.7446893787575151,0.8123505976095617,0.6341863517060367
0.6809447558046438,0.7531062124248495,0.8282868525896414,0.6561679790026245
0.6100880704563652,0.6196392785571143,0.6589641434262948,0.5570866141732282
0.5828662930344275,0.5623246492985972,0.5960159362549801,0.48950131233595795
0.644515612489992,0.5775551102204408,0.6669322709163347,0.44225721784776895
0.6845476381104885,0.6468937875751504,0.7466135458167331,0.5183727034120734
0.7714171337069655,0.7274549098196392,0.8059760956175298,0.611548556430446
0.7790232185748598,0.746693386773547,0.8338645418326693,0.6338582677165353
0.7798238590872697,0.7559118236472946,0.8262948207171315,0.6430446194225721
0.7790232185748598,0.7559118236472946,0.8183266932270916,0.6397637795275589
0.7682145716573259,0.7006012024048096,0.8191235059760956,0.562007874015748
0.6629303442754204,0.6541082164328658,0.7709163346613546,0.5524934383202098
0.6529223378702962,0.6476953907815632,0.7163346613545816,0.5583989501312334
0.632105684547638,0.6613226452905812,0.7,0.5616797900262467
0.6172938350680544,0.6256513026052104,0.6645418326693228,0.5649606299212598
0.6817453963170537,0.6553106212424851,0.7254980079681275,0.5807086614173227
0.7534027221777422,0.7102204408817634,0.8219123505976096,0.6194225721784776
0.7822257806244994,0.7382765531062125,0.8581673306772909,0.6266404199475065
0.7706164931945556,0.7386773547094188,0.8629482071713148,0.6279527559055117
0.588070456365092,0.6208416833667336,0.7266932270916334,0.5875984251968502
0.6289031224979984,0.5366733466933868,0.6597609561752988,0.38353018372703407
0.7169735788630904,0.6909819639278558,0.8027888446215139,0.597769028871391
0.77662129703763,0.7478957915831663,0.8569721115537848,0.6450131233595799
0.7738190552441955,0.7494989979959918,0.8597609561752988,0.6561679790026245
0.7822257806244994,0.7579158316633265,0.8537848605577689,0.6578083989501311
0.4763811048839071,0.5767535070140282,0.648207171314741,0.5374015748031495
0.3871096877502002,0.34669338677354716,0.44183266932270915,0.26640419947506555
0.4287429943955164,0.4100200400801603,0.4745019920318725,0.3464566929133859
0.5060048038430744,0.5010020040080161,0.60199203187251,0.43274278215223094
0.3714971977582066,0.3771543086172345,0.40079681274900403,0.3553149606299213
0.27662129703763005,0.39879759519038077,0.3294820717131474,0.3933727034120734
0.36829463570856685,0.41883767535070143,0.30358565737051796,0.3904199475065616
0.3678943154523619,0.4569138276553107,0.3784860557768924,0.4406167979002623
0.35828662930344274,0.4501002004008016,0.43346613545816737,0.4609580052493437
0.4571657325860689,0.46012024048096195,0.5115537848605578,0.4593175853018372
0.5372297838270617,0.5454909819639278,0.5976095617529881,0.4950787401574802
0.599279423538831,0.5983967935871743,0.6776892430278885,0.5278871391076114
0.5904723779023218,0.5719438877755512,0.650996015936255,0.5141076115485563
0.5392313851080865,0.5567134268537075,0.6402390438247011,0.5055774278215222
0.5468374699759808,0.5803607214428859,0.6243027888446215,0.5091863517060367
0.46517213771016813,0.5647294589178358,0.6183266932270917,0.5045931758530183
0.48518815052041636,0.5162324649298597,0.5243027888446216,0.48654855643044614
0.5644515612489993,0.5667334669338677,0.6330677290836653,0.5022965879265091
0.4811849479583667,0.5458917835671344,0.6569721115537849,0.49179790026246717
0.43354683746997597,0.34869739478957923,0.4454183266932271,0.25
0.46597277822257804,0.4204408817635272,0.5111553784860557,0.34547244094488183
0.5016012810248198,0.4380761523046092,0.550996015936255,0.34186351706036744
0.47518014411529225,0.40961923847695386,0.5350597609561752,0.31003937007874005
0.5332265812650119,0.5102204408817634,0.6163346613545817,0.4337270341207349
0.4063250600480384,0.448496993987976,0.5151394422310757,0.4353674540682414
0.4911929543634908,0.47454909819639274,0.4521912350597609,0.44717847769028873
0.5444355484387511,0.5142284569138278,0.5649402390438247,0.48293963254593175
0.6136909527622099,0.6220440881763527,0.748207171314741,0.5685695538057742
0.7165732586068856,0.6801603206412825,0.8043824701195219,0.6036745406824147
0.7073658927141713,0.6729458917835671,0.8083665338645418,0.5889107611548555
0.6016813450760607,0.5967935871743488,0.7358565737051793,0.5068897637795274
0.6497197758206565,0.611623246492986,0.750597609561753,0.556758530183727
0.6833466773418735,0.6545090180360722,0.7752988047808764,0.5866141732283464
0.40432345876701364,0.6505010020040081,0.7394422310756972,0.6197506561679789
0.18935148118494793,0.1955911823647295,0.1860557768924303,0.18011811023622049
0.2245796637309848,0.19478957915831668,0.2334661354581673,0.19225721784776895
0.24659727782225777,0.2773547094188377,0.3689243027888446,0.26706036745406825
0.2237790232185749,0.20681362725450902,0.24262948207171314,0.23162729658792658
0.12610088070456366,0.16072144288577156,0.14621513944223108,0.1998031496062992
0.05644515612489992,0.11022044088176353,0.06693227091633466,0.19356955380577434
0.010808646917534026,0.06012024048096193,0.003187250996015939,0.12860892388451445
0.08767013610888713,0.12224448897795598,0.057370517928286874,0.16765091863517056
0.0844675740592474,0.16673346693386776,0.04900398406374504,0.21391076115485563
0.1385108086469175,0.20641282565130264,0.09043824701195222,0.23523622047244097
0.2421937550040032,0.3110220440881764,0.2585657370517928,0.3218503937007874
0.3298638911128903,0.3607214428857715,0.45099601593625493,0.3887795275590551
0.39791833466773424,0.42164328657314626,0.5199203187250996,0.42716535433070857
0.48879103282626096,0.4741482965931864,0.5872509960159362,0.441272965879265
0.533626901521217,0.4941883767535071,0.6183266932270917,0.46686351706036733
0.5624499599679744,0.5390781563126252,0.6438247011952192,0.5065616797900262
0.5588470776621297,0.5507014028056112,0.6733067729083665,0.508530183727034
0.44755804643714975,0.5619238476953907,0.6609561752988048,0.5331364829396325
0.3594875900720576,0.29979959919839677,0.3772908366533865,0.2283464566929133
0.4083266613290632,0.39238476953907814,0.49721115537848604,0.36811023622047245
0.5096076861489192,0.5070140280561124,0.6358565737051792,0.4842519685039369
0.5152121697357885,0.5202404809619239,0.6254980079681275,0.49245406824146976
0.5736589271417134,0.531062124248497,0.6406374501992032,0.48523622047244086
0.5936749399519616,0.5671342685370742,0.6725099601593626,0.5298556430446194
0.6072858286629303,0.5907815631262525,0.6932270916334662,0.5311679790026246
0.5496397117694154,0.45651302605210425,0.5916334661354582,0.34284776902887126
0.5180144115292233,0.45290581162324656,0.5964143426294821,0.3887795275590551
0.532826261008807,0.48777555110220444,0.6278884462151394,0.4048556430446193
0.5152121697357885,0.45290581162324656,0.5976095617529881,0.3976377952755905
0.5096076861489192,0.4729458917835672,0.6079681274900398,0.43503937007874016
0.5248198558847077,0.49258517034068133,0.6075697211155379,0.46062992125984237
0.5100080064051242,0.4897795591182364,0.6159362549800796,0.4461942257217847
0.5644515612489993,0.531062124248497,0.6474103585657371,0.4898293963254592
0.5560448358686949,0.5462925851703406,0.6641434262948207,0.5118110236220472
0.6032826261008806,0.5811623246492985,0.6856573705179282,0.5393700787401574
0.4183346677341873,0.45410821643286586,0.5334661354581673,0.4448818897637795
0.2722177742193755,0.2881763527054109,0.3764940239043825,0.2267060367454068
0.04843875100080064,0.045691382765531086,0.07928286852589642,0.005577427821522374
0.008406725380304236,0.0,0.0,0.0
0.013610888710968772,0.01523046092184377,0.028685258964143437,0.05413385826771655
0.08807045636509209,0.09458917835671349,0.09880478087649405,0.061351706036745446
0.1961569255404323,0.1559118236472946,0.2450199203187251,0.1246719160104987
0.20976781425140106,0.15230460921843691,0.2549800796812749,0.11515748031496065
0.24059247397918337,0.19158316633266537,0.2832669322709163,0.1476377952755905
0.2710168134507606,0.22845691382765537,0.3545816733067729,0.18733595800524938
0.3919135308246597,0.4036072144288578,0.5310756972111553,0.3802493438320209
0.5368294635708566,0.5278557114228457,0.655378486055777,0.48228346456692905
0.5928742994395517,0.6072144288577155,0.701593625498008,0.5944881889763779
0.6349079263410728,0.6216432865731463,0.7111553784860557,0.5908792650918634
0.5936749399519616,0.6180360721442886,0.7199203187250995,0.5711942257217847
0.6725380304243394,0.662124248496994,0.7063745019920318,0.6443569553805774
0.5796637309847879,0.5955911823647295,0.6780876494023905,0.6026902887139106
0.4783827061649319,0.5519038076152305,0.646613545816733,0.5780839895013122
0.2534027221777422,0.35030060120240486,0.4191235059760956,0.33234908136482944
0.21737389911929544,0.23567134268537077,0.23067729083665345,0.2631233595800524
0.24419535628502803,0.2649298597194389,0.24741035856573707,0.25328083989501315
0.30344275420336264,0.3422845691382766,0.3031872509960159,0.3126640419947506
0.33226581265012006,0.3639278557114229,0.3075697211155379,0.38549868766404194
0.41072858286629305,0.4148296593186373,0.4693227091633466,0.42913385826771655
0.48999199359487583,0.5042084168336673,0.5964143426294821,0.5055774278215222
0.5500400320256205,0.5394789579158317,0.6231075697211155,0.5351049868766404
0.4403522818254603,0.5350701402805611,0.5976095617529881,0.5226377952755904
0.4535628502802241,0.4537074148296593,0.502788844621514,0.4425853018372703
0.5716573258606885,0.5703406813627254,0.6541832669322709,0.5669291338582676
0.589271417133707,0.6537074148296593,0.7191235059760955,0.6637139107611547
0.6176941553242594,0.683366733466934,0.7011952191235059,0.7050524934383202
0.6505204163330665,0.7202404809619238,0.7410358565737052,0.7483595800524934
0.6845476381104885,0.7446893787575151,0.750996015936255,0.7509842519685037
0.5140112089671738,0.6761523046092184,0.7298804780876493,0.6794619422572177
0.31385108086469177,0.3775551102204409,0.4338645418326693,0.34842519685039364
0.2846277021617294,0.29458917835671344,0.36812749003984063,0.26706036745406825
0.3070456365092074,0.2953907815631263,0.38247011952191234,0.25
0.27381905524419536,0.30901803607214434,0.3780876494023904,0.2995406824146982
0.2862289831865492,0.2793587174348698,0.3545816733067729,0.2440944881889764
0.4239391513210569,0.40440881763527053,0.5155378486055776,0.3648293963254593
0.2690152121697358,0.3458917835671343,0.38804780876494027,0.3799212598425197
0.2566052842273819,0.2408817635270541,0.2669322709163347,0.21620734908136474
0.27742193755004,0.2565130260521042,0.26414342629482074,0.2565616797900262
0.3899119295436349,0.40801603206412823,0.4968127490039841,0.4035433070866141
0.5920736589271416,0.6929859719438878,0.6298804780876495,0.7860892388451441
0.6088871096877502,0.7559118236472946,0.6159362549800796,0.8074146981627295
0.4655724579663731,0.569939879759519,0.5418326693227091,0.5889107611548555
0.4735788630904723,0.4941883767535071,0.48486055776892434,0.494750656167979
0.48038430744595667,0.42645290581162326,0.48645418326693235,0.3641732283464567
0.47157726180944753,0.4593186372745492,0.5613545816733069,0.39796587926509186
0.5072057646116894,0.4645290581162325,0.5597609561752988,0.4005905511811023
0.521617293835068,0.5286573146292586,0.5071713147410358,0.49311023622047234
0.5488390712570055,0.5382765531062124,0.5721115537848606,0.5177165354330708
0.6341072858286629,0.6200400801603205,0.7007968127490041,0.585301837270341
0.6693354683746997,0.6581162324649299,0.748207171314741,0.6318897637795274
0.6913530824659726,0.6773547094188377,0.7597609561752987,0.6384514435695537
0.7085668534827863,0.6921843687374749,0.7808764940239044,0.6387795275590551
0.7341873498799039,0.7114228456913827,0.792430278884462,0.6568241469816272
0.5488390712570055,0.6729458917835671,0.753386454183267,0.6341863517060367
0.5156124899919936,0.4460921843687375,0.49203187250996017,0.327755905511811
0.5032025620496396,0.4400801603206413,0.42709163346613543,0.34580052493438307
0.5748598879103282,0.5591182364729459,0.5892430278884463,0.5314960629921258
0.6837469975980786,0.6693386773547094,0.7486055776892431,0.6417322834645669
0.7013610888710968,0.7342685370741482,0.800398406374502,0.7014435695538057
0.710968775020016,0.7671342685370741,0.8163346613545817,0.7499999999999998
0.7293835068054444,0.7659318637274548,0.8159362549800796,0.7339238845144354
0.742594075260208,0.7318637274549098,0.7844621513944223,0.6715879265091862
0.7245796637309847,0.6945891783567135,0.7948207171314742,0.5918635170603673
0.7630104083266613,0.753507014028056,0.8227091633466136,0.6863517060367452
0.6901521216973578,0.6769539078156313,0.750996015936255,0.5895669291338582
0.7417934347477981,0.772745490981964,0.8370517928286852,0.7283464566929134
0.7574059247397917,0.8496993987975952,0.8167330677290837,0.8612204724409447
0.7818254603682946,0.8685370741482965,0.7657370517928287,0.8930446194225719
0.787830264211369,0.8777555110220441,0.795219123505976,0.9101049868766402
0.8090472377902322,0.862124248496994,0.8334661354581673,0.867782152230971
0.8362690152121697,0.8553106212424848,0.8625498007968128,0.8566272965879262
0.7994395516413131,0.761122244488978,0.8422310756972111,0.6715879265091862
0.8198558847077662,0.7783567134268536,0.8577689243027888,0.6909448818897637
0.7754203362690153,0.7527054108216433,0.8414342629482071,0.6706036745406823
0.7241793434747799,0.7054108216432866,0.7888446215139442,0.5813648293963254
0.7249799839871898,0.6701402805611223,0.7314741035856575,0.56003937007874
0.7538030424339472,0.7006012024048096,0.7916334661354582,0.5800524934383201
0.7914331465172137,0.7567134268537072,0.8306772908366533,0.6843832020997374
0.8182546036829463,0.7703406813627254,0.8521912350597609,0.6650262467191599
0.8086469175340272,0.8272545090180361,0.8741035856573705,0.7841207349081363
0.8650920736589272,0.8749498997995993,0.8924302788844621,0.847769028871391
0.8526821457165732,0.8288577154308616,0.8916334661354582,0.7536089238845143
0.8190552441953562,0.8296593186372745,0.8701195219123506,0.7821522309711286
0.8282626100880706,0.8537074148296593,0.895617529880478,0.7985564304461941
0.8390712570056045,0.8440881763527053,0.8752988047808765,0.8061023622047243
0.8398718975180144,0.8753507014028055,0.8737051792828686,0.837270341207349
0.8466773418734987,0.8949899799599199,0.8637450199203188,0.8612204724409447
0.8574859887910329,0.8865731462925852,0.8840637450199202,0.8398950131233593
0.8646917534027221,0.8396793587174347,0.8928286852589642,0.7588582677165354
0.8450760608486789,0.8260521042084168,0.8936254980079682,0.7076771653543306
0.8478783026421137,0.824448897795591,0.897609561752988,0.7250656167979002
0.8494795836669335,0.9018036072144289,0.8908366533864542,0.8697506561679786
0.8955164131305042,0.9583166332665329,0.8314741035856573,0.916994750656168
0.8506805444355483,0.9735470941883766,0.7470119521912352,0.9514435695538055
0.8899119295436348,0.9615230460921844,0.8509960159362551,0.9560367454068239
0.9311449159327461,1.0,0.8390438247011952,1.0
0.8270616493194556,0.9703406813627253,0.8354581673306773,0.9406167979002624
0.7389911929543636,0.7675350701402806,0.7729083665338645,0.6978346456692912
0.7654123298638911,0.7507014028056112,0.847808764940239,0.6099081364829395
0.8510808646917534,0.7919839679358718,0.9087649402390439,0.670275590551181
0.8490792634107285,0.8541082164328657,0.899601593625498,0.7736220472440942
0.8450760608486789,0.808817635270541,0.8860557768924303,0.7037401574803148
0.8402722177742195,0.7675350701402806,0.896812749003984,0.6089238845144357
0.8094475580464371,0.7779559118236472,0.8569721115537848,0.6391076115485563
0.811449159327462,0.7462925851703406,0.8398406374501992,0.5990813648293962
0.831865492393915,0.7691382765531063,0.8589641434262948,0.6338582677165353
0.8570856685348278,0.7931863727454909,0.8888446215139443,0.6814304461942255
0.8490792634107285,0.7995991983967934,0.8904382470119522,0.6814304461942255
0.7942353883106485,0.7743486973947895,0.8936254980079682,0.6246719160104985
0.7237790232185748,0.6885771543086172,0.747410358565737,0.556758530183727
0.8178542834267413,0.8060120240480961,0.8374501992031873,0.7194881889763778
0.8278622898318655,0.7987975951903807,0.8820717131474103,0.6765091863517059
0.7698158526821457,0.7519038076152305,0.8135458167330677,0.655511811023622
0.8606885508406725,0.8084168336673347,0.8645418326693227,0.686023622047244
0.8931144915932745,0.8396793587174347,0.9426294820717133,0.7066929133858266
0.8222578062449959,0.8537074148296593,0.9386454183266931,0.7417979002624671
0.7958366693354684,0.7667334669338677,0.8306772908366533,0.6269685039370078
0.8618895116092875,0.8176352705410821,0.8573705179282869,0.6683070866141732
0.8234587670136109,0.8104208416833667,0.850597609561753,0.6666666666666665
0.8434747798238591,0.8220440881763527,0.8717131474103585,0.6975065616797897
0.8602882305844677,0.829258517034068,0.8776892430278884,0.7099737532808397
0.9143314651721375,0.8340681362725451,0.9326693227091635,0.6991469816272966
0.9387510008006403,0.8657314629258517,0.9553784860557769,0.704724409448819
0.9663730984787828,0.9458917835671343,0.9314741035856574,0.7874015748031495
0.9515612489991991,0.9322645290581162,0.949800796812749,0.7821522309711286
0.9631705364291432,0.9262525050100199,0.9999999999999999,0.796259842519685
0.7938350680544435,0.824448897795591,0.9047808764940238,0.719816272965879
0.8146517213771016,0.7759519038076153,0.8366533864541833,0.6437007874015747
0.8903122497998399,0.8613226452905811,0.899601593625498,0.7129265091863517
0.9463570856685348,0.9122244488977955,0.9406374501992033,0.7791994750656166
0.9571657325860687,0.8993987975951903,0.949800796812749,0.742782152230971
0.9279423538831064,0.8665330661322646,0.9653386454183267,0.7027559055118109
0.8426741393114492,0.8096192384769538,0.9358565737051793,0.6492782152230969
0.8678943154523617,0.813627254509018,0.9386454183266931,0.6450131233595799
0.9131305044035227,0.8629258517034069,0.9521912350597609,0.7339238845144354
0.9327461969575659,0.8492985971943887,0.9645418326693226,0.6650262467191599
0.9279423538831064,0.8264529058116232,0.9764940239043826,0.6332020997375327
0.9095276220976782,0.8100200400801603,0.9613545816733068,0.6108923884514434
0.9275420336269016,0.8569138276553105,0.9581673306772908,0.6981627296587924
0.9419535628502802,0.8877755511022045,0.9613545816733068,0.7303149606299211
0.953562850280224,0.9202404809619238,0.9426294820717133,0.7759186351706036
0.9619695756605284,0.939879759519038,0.9565737051792828,0.8083989501312334
0.9567654123298639,0.9118236472945891,0.9709163346613546,0.7450787401574801
0.952361889511609,0.9190380761523045,0.956175298804781,0.7919947506561678
0.9603682946357086,0.917434869739479,0.9713147410358566,0.7831364829396323
0.9695756605284227,0.8885771543086172,0.9685258964143427,0.7253937007874014
0.9603682946357086,0.9130260521042084,0.9605577689243029,0.7703412073490814
0.9471577261809447,0.9110220440881762,0.944223107569721,0.7660761154855642
0.9507606084867892,0.9106212424849698,0.9812749003984064,0.7437664041994749
0.9475580464371496,0.8877755511022045,0.99203187250996,0.7119422572178478
0.9055244195356285,0.8809619238476953,0.9573705179282869,0.7391732283464565
0.9079263410728582,0.8476953907815632,0.9362549800796814,0.6906167979002624
0.9043234587670135,0.7991983967935872,0.9450199203187252,0.602034120734908
0.8955164131305042,0.8288577154308616,0.9521912350597609,0.6568241469816272
0.8919135308246597,0.8328657314629258,0.9398406374501992,0.6696194225721783
0.9279423538831064,0.8749498997995993,0.9713147410358566,0.7250656167979002
0.9443554843875099,0.8817635270541082,0.9756972111553784,0.7250656167979002
0.9251401120896716,0.9014028056112224,0.9629482071713148,0.7509842519685037
0.9339471577261809,0.9310621242484969,0.949800796812749,0.7929790026246717
0.9255404323458767,0.8721442885771542,0.944223107569721,0.720800524934383
0.9215372297838269,0.8400801603206411,0.9729083665338646,0.6624015748031495
0.8787029623698959,0.8304609218436874,0.947808764940239,0.6824146981627295
0.8642914331465172,0.8276553106212425,0.9294820717131475,0.6814304461942255
0.8975180144115291,0.857314629258517,0.9605577689243029,0.7080052493438318
0.9091273018414732,0.8549098196392786,0.9629482071713148,0.6981627296587924
0.9079263410728582,0.8681362725450901,0.9573705179282869,0.7339238845144354
0.9499599679743793,0.8993987975951903,0.9788844621513942,0.7604986876640418
0.9215372297838269,0.884569138276553,0.9768924302788845,0.7411417322834646
0.9299439551641313,0.8881763527054107,0.9593625498007968,0.750328083989501
0.9299439551641313,0.8993987975951903,0.9474103585657371,0.7634514435695536
0.920736589271417,0.8769539078156312,0.9681274900398406,0.722769028871391
0.9079263410728582,0.8444889779559117,0.9649402390438248,0.6876640419947506
0.9263410728582866,0.8488977955911823,0.9569721115537849,0.6847112860892388
0.8991192954363489,0.8380761523046092,0.9525896414342631,0.671259842519685
0.8891112890312249,0.8448897795591181,0.9362549800796814,0.7024278215223096
0.9011208967173738,0.8340681362725451,0.948207171314741,0.6643700787401574
0.8923138510808646,0.8284569138276554,0.951394422310757,0.6689632545931756
0.8919135308246597,0.840881763527054,0.9733067729083665,0.659776902887139
0.9071257005604483,0.8709418837675351,0.944223107569721,0.7221128608923881
0.8742994395516412,0.8252505010020039,0.901593625498008,0.6637139107611547
0.9023218574859886,0.8513026052104209,0.9346613545816732,0.6955380577427819
0.9087269815852681,0.8549098196392786,0.9505976095617531,0.6804461942257216
0.9163330664531624,0.8837675350701402,0.9517928286852589,0.7050524934383202
0.9503602882305844,0.9539078156312626,0.9553784860557769,0.8307086614173227
0.9631705364291432,0.9338677354709419,0.9812749003984064,0.8087270341207347
0.9339471577261809,0.8769539078156312,0.9840637450199204,0.7106299212598426
0.9115292233787029,0.8084168336673347,0.9565737051792828,0.6003937007874015
0.8738991192954364,0.8004008016032063,0.9370517928286853,0.6384514435695537
0.8763010408326661,0.8160320641282564,0.9342629482071713,0.6581364829396326
0.8851080864691752,0.8344689378757515,0.9187250996015935,0.7109580052493438
0.8686949559647716,0.8112224448897796,0.9163346613545816,0.693241469816273
0.8847077662129703,0.8324649298597193,0.9322709163346613,0.6797900262467191
0.8911128903122498,0.845691382765531,0.9486055776892431,0.6922572178477688
0.9059247397918335,0.8501002004008016,0.9569721115537849,0.6925853018372701
0.9003202562049639,0.8376753507014028,0.9454183266932271,0.6660104986876638
0.920736589271417,0.8929859719438877,0.9505976095617531,0.7519685039370079
0.9375500400320256,0.9082164328657314,0.9709163346613546,0.7716535433070866
0.965972778222578,0.9386773547094189,0.9685258964143427,0.8221784776902885
0.9811849479583667,0.9615230460921844,0.9760956175298806,0.8234908136482939
0.9251401120896716,0.8629258517034069,0.9940239043824702,0.6610892388451444
0.8947157726180943,0.8188376753507014,0.9645418326693226,0.6335301837270341
0.8867093674939952,0.8364729458917834,0.9282868525896414,0.655511811023622
0.8999199359487589,0.8460921843687375,0.9434262948207172,0.6837270341207347
0.897918334667734,0.8144288577154308,0.9537848605577689,0.6154855643044619
0.910728582866293,0.8933867735470942,0.9382470119521912,0.727034120734908
0.9227381905524419,0.9002004008016031,0.947808764940239,0.7424540682414698
0.9271417133706965,0.9026052104208415,0.9490039840637449,0.7257217847769026
0.9399519615692553,0.9134268537074148,0.9593625498007968,0.7358923884514434
0.9327461969575659,0.8837675350701402,0.9685258964143427,0.7349081364829395
0.9419535628502802,0.8404809619238476,0.9752988047808765,0.6430446194225721
0.9059247397918335,0.8384769539078156,0.9713147410358566,0.6561679790026245
0.8931144915932745,0.8168336673346692,0.949800796812749,0.6322178477690287
0.8923138510808646,0.7979959919839679,0.9326693227091635,0.6053149606299211
0.8690952762209767,0.8108216432865731,0.9243027888446215,0.6637139107611547
0.8706965572457965,0.8228456913827655,0.9354581673306773,0.6627296587926508
0.9055244195356285,0.8324649298597193,0.9179282868525896,0.6673228346456692
0.9115292233787029,0.8953907815631261,0.9382470119521912,0.7391732283464565
0.9335468374699758,0.8909819639278556,0.9673306772908367,0.7319553805774277
0.9159327461969575,0.8657314629258517,0.953386454183267,0.7191601049868765
0.8755004003202562,0.8424849699398798,0.9362549800796814,0.681758530183727
0.9067253803042434,0.8484969939879758,0.9501992031872509,0.6830708661417322
0.9079263410728582,0.8657314629258517,0.9394422310756972,0.6883202099737531
0.8795036028823058,0.87374749498998,0.9314741035856574,0.7139107611548554
0.9143314651721375,0.896192384769539,0.9390438247011951,0.758530183727034
0.9499599679743793,0.9130260521042084,0.9673306772908367,0.7267060367454066
0.9087269815852681,0.8777555110220441,0.9633466135458167,0.7066929133858266
0.9111289031224981,0.780761523046092,0.9139442231075697,0.5521653543307086
0.9379503602882304,0.8424849699398798,0.9828685258964144,0.6696194225721783
0.9099279423538831,0.818436873747495,0.9764940239043826,0.6223753280839894
0.7834267413931144,0.6957915831663326,0.8541832669322709,0.5501968503937007
0.8238590872698159,0.730260521042084,0.8816733067729083,0.5682414698162729
0.8570856685348278,0.7983967935871743,0.894820717131474,0.6384514435695537
0.8514811849479582,0.8428857715430862,0.9115537848605578,0.6863517060367452
0.8931144915932745,0.8220440881763527,0.9450199203187252,0.6397637795275589
0.8887109687750199,0.8809619238476953,0.898406374501992,0.7486876640419946
0.8538831064851882,0.8336673346693386,0.9203187250996016,0.690288713910761
0.9031224979983987,0.8300601202404809,0.9454183266932271,0.6594488188976377
0.8650920736589272,0.8104208416833667,0.9239043824701195,0.648293963254593
0.8923138510808646,0.8248496993987977,0.947808764940239,0.6676509186351705
0.8907125700560448,0.8448897795591181,0.9521912350597609,0.6532152230971127
0.8410728582866294,0.7779559118236472,0.9346613545816732,0.5685695538057742
0.7429943955164131,0.6633266533066133,0.8063745019920319,0.48720472440944873
0.72337870296237,0.6492985971943888,0.7378486055776893,0.483267716535433
0.732586068855084,0.7238476953907815,0.754183266932271,0.602034120734908
0.8014411529223378,0.7595190380761523,0.8175298804780877,0.6322178477690287
0.8058446757405926,0.7959919839679357,0.8593625498007967,0.6958661417322833
0.888310648518815,0.8308617234468938,0.9366533864541832,0.6961942257217846
0.9039231385108086,0.8480961923847694,0.9705179282868527,0.7080052493438318
0.9123298638911128,0.8488977955911823,0.9864541832669323,0.6968503937007873
0.8202562049639712,0.8316633266533064,0.9752988047808765,0.6692913385826771
0.6397117694155323,0.6513026052104209,0.7442231075697212,0.56003937007874
0.5760608486789431,0.5823647294589178,0.6402390438247011,0.5049212598425196
0.5596477181745396,0.5983967935871743,0.5852589641434263,0.5098425196850392
0.5548438751000799,0.5995991983967937,0.6051792828685258,0.5082020997375327
0.5996797437950361,0.6649298597194389,0.6286852589641434,0.5718503937007873
0.6825460368294636,0.6997995991983967,0.7418326693227091,0.6066272965879265
0.6405124099279422,0.671743486973948,0.7374501992031872,0.5971128608923882
0.6509207365892715,0.6701402805611223,0.7143426294820717,0.587270341207349
0.6465172137710169,0.6793587174348696,0.7250996015936255,0.5813648293963254
0.6525220176140913,0.6873747494989981,0.7187250996015937,0.5941601049868764
0.6809447558046438,0.6813627254509018,0.7,0.5813648293963254
0.7626100880704563,0.7166332665330661,0.7972111553784861,0.6148293963254593
0.7810248198558847,0.7446893787575151,0.8386454183266931,0.6368110236220471
0.8058446757405926,0.7607214428857716,0.8585657370517927,0.6328740157480314
0.7626100880704563,0.7462925851703406,0.8637450199203188,0.6309055118110235
0.8014411529223378,0.7394789579158316,0.8334661354581673,0.6174540682414696
0.8134507606084866,0.774749498997996,0.8792828685258963,0.655511811023622
0.8014411529223378,0.7723446893787573,0.8808764940239044,0.6551837270341208
0.8090472377902322,0.7743486973947895,0.8856573705179283,0.6407480314960629
0.810248198558847,0.758316633266533,0.8653386454183267,0.6266404199475065
0.7654123298638911,0.7230460921843687,0.8621513944223107,0.570538057742782
0.6357085668534828,0.7178356713426852,0.79800796812749,0.6371391076115485
0.5348278622898317,0.5743486973947896,0.6139442231075698,0.5275590551181102
0.5264211369095277,0.5979959919839679,0.5824701195219123,0.5538057742782152
0.599279423538831,0.618436873747495,0.5832669322709163,0.5534776902887139
0.6000800640512409,0.5895791583166332,0.596812749003984,0.5193569553805774
0.5652522017614092,0.5370741482965933,0.6410358565737052,0.41765091863517056
0.5684547638110489,0.48897795591182364,0.5713147410358567,0.3802493438320209
0.6092874299439552,0.5731462925851705,0.6290836653386455,0.4803149606299212
0.655724579663731,0.6673346693386775,0.7075697211155378,0.5675853018372702
0.6068855084067253,0.6677354709418837,0.6749003984063745,0.5958005249343831
0.488390712570056,0.5695390781563126,0.5693227091633466,0.564304461942257
0.522417934347478,0.5627254509018036,0.5270916334661355,0.5009842519685038
0.6040832666132905,0.5967935871743488,0.6446215139442232,0.5311679790026246
0.6529223378702962,0.6172344689378759,0.7063745019920318,0.5446194225721784
0.6208967173738991,0.5563126252505011,0.6370517928286853,0.4120734908136483
0.545236188951161,0.5498997995991983,0.6211155378486056,0.4557086614173228
0.49359487590072054,0.5723446893787576,0.5884462151394423,0.5141076115485563
0.4647718174539632,0.5470941883767535,0.49203187250996017,0.5006561679790026
0.4859887910328263,0.5651302605210422,0.5143426294820718,0.5154199475065616
0.5732586068855083,0.611623246492986,0.5760956175298805,0.5482283464566928
0.6569255404323457,0.6837675350701402,0.6856573705179282,0.6013779527559054
0.6809447558046438,0.6777555110220441,0.7545816733067728,0.6069553805774277
0.6981585268214572,0.6845691382765531,0.7697211155378485,0.6174540682414696
0.7497998398718975,0.7190380761523045,0.8075697211155379,0.6292650918635169
0.7614091273018413,0.7454909819639279,0.8322709163346613,0.671259842519685
0.7205764611689351,0.7026052104208418,0.798804780876494,0.6184383202099737
0.6329063250600482,0.6977955911823648,0.7414342629482072,0.6174540682414696
0.5812650120096077,0.5935871743486973,0.650996015936255,0.4904855643044618
0.4947958366693355,0.5446893787575151,0.5888446215139442,0.5016404199475064
0.41433146517213776,0.4549098196392786,0.5115537848605578,0.4294619422572178
0.3883106485188151,0.4533066132264529,0.4836653386454184,0.4406167979002623
0.43554843875100074,0.4597194388777555,0.4860557768924303,0.4150262467191601
0.5132105684547639,0.49138276553106214,0.5553784860557769,0.42683727034120733
0.5696557245796636,0.5466933867735471,0.6593625498007968,0.47867454068241455
0.48879103282626096,0.5743486973947896,0.6709163346613546,0.5187007874015748
0.4379503602882306,0.3835671342685371,0.4537848605577689,0.297244094488189
0.3871096877502002,0.33587174348697396,0.3749003984063745,0.3051181102362204
0.33306645316253,0.3547094188376754,0.3661354581673307,0.34251968503937
0.3162530024019215,0.39358717434869744,0.31434262948207176,0.36679790026246706
0.410328262610088,0.42164328657314626,0.3776892430278885,0.41240157480314954
0.4839871897518015,0.4789579158316633,0.550199203187251,0.44947506561679773
0.5828662930344275,0.5350701402805611,0.655378486055777,0.47440944881889757
0.600480384307446,0.574749498997996,0.7011952191235059,0.5078740157480314
0.5612489991993594,0.5434869739478958,0.6410358565737052,0.5006561679790026
0.5988791032826262,0.558316633266533,0.6665338645418326,0.492782152230971
0.48158526821457165,0.49779559118236477,0.6262948207171315,0.43143044619422566
0.35348278622898316,0.3410821643286573,0.42111553784860556,0.30216535433070857
0.3270616493194556,0.3062124248496994,0.3525896414342629,0.2769028871391076
0.3863090472377902,0.3891783567134269,0.4832669322709163,0.3408792650918635
0.5128102481985588,0.5122244488977956,0.6450199203187251,0.4563648293963254
0.32105684547638114,0.3711422845691384,0.45258964143426295,0.3963254593175852
0.3202562049639711,0.31422845691382767,0.3808764940239044,0.29330708661417326
0.23698959167333872,0.2480961923847696,0.25617529880478085,0.2585301837270342
0.23338670936749395,0.1967935871743487,0.19043824701195222,0.1751968503937007
0.17173738991192955,0.12184368737474954,0.14382470119521915,0.07906824146981628
0.18214571657325862,0.25971943887775556,0.14820717131474107,0.2732939632545932
0.24179343474779824,0.32825651302605213,0.33824701195219126,0.34842519685039364
0.16933546837469976,0.3074148296593186,0.2900398406374502,0.3562992125984251
0.144115292233787,0.264128256513026,0.22231075697211156,0.30282152230971127
0.22177742193755,0.2468937875751503,0.2772908366533865,0.2864173228346456
0.17694155324259409,0.260120240480962,0.26334661354581673,0.30708661417322825
0.211369095276221,0.29098196392785575,0.23944223107569718,0.28510498687664043
0.211369095276221,0.2749498997995992,0.2593625498007968,0.30052493438320205
0.21096877502001604,0.28737474949899805,0.24820717131474107,0.28444881889763785
0.3010408326661329,0.33667334669338683,0.3812749003984064,0.36581364829396323
0.33066453162530024,0.3859719438877755,0.41872509960159365,0.3828740157480315
0.3278622898318655,0.3302605210420842,0.38007968127490044,0.3103674540682414
0.13410728582866294,0.27775551102204404,0.20079681274900396,0.2936351706036745
0.23138510808646917,0.2785571142284569,0.3270916334661355,0.3051181102362204
0.35068054443554847,0.3498997995991984,0.44661354581673307,0.3211942257217847
0.28182546036829464,0.3266533066132265,0.37689243027888447,0.3451443569553805
0.3230584467574059,0.36593186372745484,0.4290836653386454,0.38910761154855633
0.34027221777421934,0.41643286573146293,0.4370517928286852,0.40748031496062986
0.3759007205764611,0.41082164328657317,0.3916334661354582,0.40387139107611547
0.37830264211369097,0.37314629258517035,0.4235059760956176,0.3832020997375327
0.3230584467574059,0.3859719438877755,0.3394422310756972,0.35367454068241466
0.3734987990392314,0.3567134268537075,0.39043824701195223,0.36876640419947504
0.4155324259407526,0.3951903807615231,0.501593625498008,0.384514435695538
0.3983186549239392,0.39478957915831675,0.5051792828685259,0.34842519685039364
0.2626100880704563,0.3002004008016032,0.29840637450199203,0.2959317585301836
0.18254603682946358,0.1907815631262525,0.17091633466135459,0.22408136482939633
0.06845476381104884,0.1466933867735471,0.07768924302788846,0.20439632545931752
0.1533226581265012,0.21162324649298608,0.04741035856573708,0.24212598425196852
0.1813450760608487,0.2432865731462926,0.2637450199203188,0.291994750656168
0.3022417934347478,0.36953907815631254,0.4135458167330678,0.3815616797900262
0.17654123298638913,0.27895791583166335,0.2804780876494024,0.2791994750656168
0.19935948759007205,0.3194388777555111,0.2239043824701195,0.33530183727034124
0.26060848678943155,0.2709418837675351,0.3095617529880478,0.32152230971128604
0.3270616493194556,0.34188376753507016,0.447808764940239,0.32316272965879267
0.3386709367493995,0.36232464929859715,0.42948207171314734,0.36975065616797886
0.3586869495596477,0.3895791583166332,0.4274900398406375,0.3792650918635171
0.3654923939151321,0.3735470941883768,0.4254980079681274,0.40649606299212593
0.4535628502802241,0.43927855711422853,0.5438247011952191,0.43143044619422566
0.42193755004003203,0.4304609218436875,0.5641434262948208,0.4114173228346456
0.5156124899919936,0.5074148296593186,0.6207171314741036,0.5098425196850392
0.35668534827862286,0.5162324649298597,0.5721115537848606,0.5308398950131232
0.14611689351481189,0.17595190380761527,0.17808764940239047,0.14927821522309714
0.0932746196957566,0.19438877755511025,0.04741035856573708,0.21784776902887137
0.15052041633306645,0.22124248496993987,0.07250996015936256,0.2457349081364829
0.26421136909527626,0.26452905811623245,0.2856573705179283,0.29986876640419946
0.37109687750200165,0.39238476953907814,0.4952191235059761,0.39927821522309703
0.46677341873498795,0.48657314629258525,0.5924302788844621,0.5036089238845144
0.4799839871897517,0.5042084168336673,0.6115537848605578,0.5104986876640419
0.3370696557245797,0.43727454909819635,0.5,0.4442257217847768
0.2093674939951961,0.2312625250501002,0.23904382470119523,0.24179790026246717
0.27822257806244993,0.2432865731462926,0.2203187250996016,0.2713254593175852
0.3734987990392314,0.3422845691382766,0.42709163346613543,0.3090551181102362
0.3194555644515612,0.38757515030060125,0.4884462151394422,0.3786089238845143
0.23018414731785425,0.2264529058116233,0.25298804780876494,0.21325459317585294
0.13050440352281822,0.17114228456913827,0.12868525896414346,0.20308398950131235
0.21657325860688548,0.20681362725450902,0.17091633466135459,0.2375328083989502
0.3174539631705364,0.2857715430861724,0.3713147410358566,0.2650918635170604
0.4239391513210569,0.41563126252505017,0.5111553784860557,0.44881889763779514
0.36589271417133706,0.4957915831663327,0.5410358565737051,0.5127952755905512
0.4159327461969576,0.4124248496993988,0.449003984063745,0.44160104986876636
0.5236188951160929,0.5026052104208416,0.600796812749004,0.47998687664041995
0.5620496397117694,0.5771543086172346,0.6645418326693228,0.5636482939632544
0.47878302642113685,0.45170340681362725,0.5629482071713148,0.38188976377952755
0.46597277822257804,0.466933867735471,0.5725099601593625,0.42782152230971116
0.4499599679743795,0.3739478957915832,0.48725099601593624,0.31725721784776906
0.49159327461969576,0.45290581162324656,0.5733067729083665,0.39566929133858264
0.5188150520416333,0.5050100200400802,0.6027888446215139,0.4796587926509186
0.5140112089671738,0.4633266533066132,0.5812749003984065,0.3966535433070866
0.5024019215372297,0.49779559118236477,0.5956175298804781,0.4812992125984251
0.3206565252201762,0.3094188376753508,0.3677290836653387,0.23786089238845143
0.32906325060048036,0.2456913827655311,0.31195219123505974,0.1889763779527559
0.3722978382706165,0.31983967935871743,0.449003984063745,0.2440944881889764
0.3975180144115293,0.33426853707414833,0.4545816733067729,0.29330708661417326
0.49279423538831063,0.48777555110220444,0.5892430278884463,0.4944225721784776
0.5556445156124901,0.5775551102204408,0.6629482071713146,0.5889107611548555
0.5796637309847879,0.6372745490981966,0.7079681274900399,0.670275590551181
0.6409127301841473,0.691382765531062,0.744621513944223,0.7234251968503937
0.6625300240192153,0.7150300601202404,0.754183266932271,0.7224409448818898
0.6305044035228182,0.6909819639278558,0.7438247011952192,0.6722440944881889
0.34467574059247397,0.5334669338677354,0.5561752988047808,0.5479002624671915
0.31345076060848676,0.2793587174348698,0.2657370517928287,0.25328083989501315
0.34747798238590877,0.32024048096192387,0.3254980079681275,0.2818241469816273
0.39671737389911926,0.3462925851703407,0.4338645418326693,0.30249343832021003
0.48799039231385105,0.4705410821643287,0.5637450199203188,0.43569553805774275
0.5316253002401921,0.5494989979959921,0.6266932270916334,0.546259842519685
0.6269015212169735,0.6196392785571143,0.697609561752988,0.5994094488188975
0.6897518014411528,0.6797595190380761,0.7601593625498008,0.6371391076115485
0.6841473178542834,0.686573146292585,0.7820717131474104,0.6341863517060367
0.7149719775820655,0.7446893787575151,0.8,0.712270341207349
0.44395516413130504,0.623246492985972,0.6127490039840637,0.6722440944881889
0.33746997598078465,0.3967935871743488,0.3593625498007968,0.40387139107611547
0.3919135308246597,0.3919839679358718,0.3609561752988048,0.3832020997375327
0.35668534827862286,0.34308617234468936,0.32828685258964146,0.3188976377952756
0.311449159327462,0.3943887775551102,0.30557768924302786,0.4143700787401575
0.4075260208166533,0.46613226452905804,0.30876494023904383,0.473753280839895
0.44395516413130504,0.4821643286573147,0.37330677290836656,0.5154199475065616
0.4819855884707766,0.5002004008016032,0.4745019920318725,0.5009842519685038
0.5268214571657326,0.5515030060120241,0.5665338645418327,0.5456036745406824
0.5848678943154524,0.600801603206413,0.648605577689243,0.5744750656167978
0.6281024819855885,0.6440881763527053,0.7187250996015937,0.6227034120734907
0.6232986389111288,0.6873747494989981,0.749003984063745,0.7011154855643043
0.6745396317053642,0.7543086172344688,0.7800796812749003,0.7854330708661414
0.4919935948759007,0.705811623246493,0.7175298804780876,0.7070209973753281
0.33306645316253,0.38036072144288585,0.3661354581673307,0.3763123359580053
0.31985588470776616,0.3110220440881764,0.30278884462151395,0.29330708661417326
0.366693354683747,0.3535070140280561,0.34621513944223103,0.3188976377952756
0.4243394715772619,0.4376753507014029,0.36015936254980085,0.4245406824146981
0.48238590872698156,0.5090180360721444,0.45418326693227096,0.49835958005249337
0.4711769415532426,0.5122244488977956,0.4952191235059761,0.5173884514435694
0.6028823058446757,0.5767535070140282,0.6354581673306773,0.545275590551181
0.6232986389111288,0.5871743486973948,0.6780876494023905,0.5049212598425196
0.6244995996797438,0.5755511022044089,0.6721115537848605,0.47145669291338577
0.6749399519615691,0.6468937875751504,0.7326693227091633,0.5784120734908136
0.6685348278622898,0.6849699398797595,0.7673306772908366,0.6358267716535433
0.7161729383506805,0.7238476953907815,0.7808764940239044,0.6811023622047243
0.732185748598879,0.7338677354709418,0.7936254980079681,0.681758530183727
0.798638911128903,0.8084168336673347,0.8290836653386454,0.7893700787401574
0.5812650120096077,0.6492985971943888,0.5768924302788844,0.6095800524934383
0.5708566853482786,0.5334669338677354,0.48047808764940236,0.4593175853018372
0.5836669335468374,0.586372745490982,0.5239043824701195,0.513779527559055
0.6084867894315451,0.659318637274549,0.555776892430279,0.6909448818897637
0.6893514811849479,0.685370741482966,0.6673306772908367,0.666994750656168
0.7558046437149721,0.7863727454909819,0.8203187250996017,0.7559055118110234
0.8422738190552441,0.8416833667334669,0.8482071713147411,0.7683727034120733
0.8238590872698159,0.8689378757515029,0.8402390438247013,0.8484251968503935
0.83306645316253,0.8849699398797595,0.8625498007968128,0.8556430446194223
0.832666132906325,0.8941883767535068,0.8756972111553785,0.8543307086614171
0.8642914331465172,0.9186372745490983,0.8657370517928287,0.8923884514435694
0.8698959167333866,0.9334669338677353,0.8609561752988049,0.8999343832020996
0.7465972778222578,0.8641282565130259,0.8665338645418327,0.8031496062992125
0.7698158526821457,0.7082164328657314,0.753386454183267,0.6007217847769029
0.8150520416333065,0.785571142284569,0.8418326693227092,0.6919291338582676
0.8130504403522818,0.7979959919839679,0.8768924302788844,0.6958661417322833
0.7209767814251402,0.6777555110220441,0.7792828685258965,0.5459317585301836
0.7742193755004003,0.7442885771543086,0.7932270916334662,0.6404199475065615
0.8058446757405926,0.7543086172344688,0.8454183266932271,0.6292650918635169
0.7209767814251402,0.7362725450901804,0.7605577689243028,0.6354986876640419
0.7930344275420336,0.7859719438877755,0.8354581673306773,0.690288713910761
0.8474779823859087,0.7987975951903807,0.8964143426294822,0.6968503937007873
0.8674939951961569,0.8392785571142285,0.9294820717131475,0.7414698162729658
0.9035228182546036,0.8709418837675351,0.950996015936255,0.7772309711286087
0.8923138510808646,0.8344689378757515,0.9474103585657371,0.7204724409448817
0.9119295436349077,0.85250501002004,0.9641434262948206,0.7414698162729658
0.9187349879903921,0.9002004008016031,0.9760956175298806,0.8202099737532806
0.8887109687750199,0.8464929859719439,0.9653386454183267,0.6981627296587924
0.6541232986389112,0.7442885771543086,0.8537848605577689,0.6532152230971127
0.6172938350680544,0.6208416833667336,0.6334661354581673,0.5406824146981626
0.6813450760608486,0.6861723446893788,0.6621513944223107,0.6066272965879265
0.743795036028823,0.7394789579158316,0.7848605577689244,0.6479658792650917
0.8382706164931946,0.7675350701402806,0.8780876494023905,0.6400918635170603
0.856685348278623,0.7555110220440882,0.900796812749004,0.6040026246719159
0.8726981585268214,0.7659318637274548,0.9175298804780877,0.5918635170603673
0.8678943154523617,0.7623246492985971,0.9147410358565736,0.5816929133858266
0.8903122497998399,0.8004008016032063,0.9302788844621513,0.637795275590551
0.9011208967173738,0.8264529058116232,0.9418326693227091,0.7060367454068242
0.9067253803042434,0.8328657314629258,0.9490039840637449,0.7109580052493438
0.9055244195356285,0.8529058116232464,0.9569721115537849,0.7319553805774277
0.9103282626100881,0.85250501002004,0.9601593625498007,0.735236220472441
0.8510808646917534,0.804809619238477,0.9382470119521912,0.6443569553805774
0.7241793434747799,0.6553106212424851,0.7697211155378485,0.5019685039370078
0.6653322658126501,0.6705410821643287,0.7143426294820717,0.5485564304461942
0.7417934347477981,0.6889779559118236,0.7306772908366534,0.5439632545931758
0.7574059247397917,0.6769539078156313,0.8103585657370519,0.47703412073490803
0.83306645316253,0.780761523046092,0.8952191235059761,0.6633858267716535
0.7586068855084067,0.7406813627254509,0.8760956175298805,0.5889107611548555
0.7802241793434748,0.7691382765531063,0.8816733067729083,0.6207349081364829
0.9087269815852681,0.8709418837675351,0.9649402390438248,0.7667322834645667
1.0,0.9839679358717435,0.9657370517928286,0.8503937007874014
0.9623698959167333,0.9731462925851704,0.9856573705179282,0.8474409448818896
0.8598879103282626,0.8120240480961924,0.9294820717131475,0.7004593175853018
0.8510808646917534,0.7891783567134267,0.9083665338645418,0.6332020997375327
0.8783026421136908,0.8352705410821644,0.9382470119521912,0.7148950131233593
0.9115292233787029,0.8745490981963928,0.9661354581673308,0.7565616797900261
0.9415532425940751,0.8905811623246491,0.9872509960159362,0.7611548556430445
0.9511609287429943,0.8817635270541082,0.994422310756972,0.7224409448818898
0.9027221777421937,0.824448897795591,0.948207171314741,0.6040026246719159
0.8410728582866294,0.7659318637274548,0.8828685258964144,0.6023622047244093
