datetime,temp,dewpoint,maxtemp,mintemp,precipitation,humidity,windspeed,winddeg
1/1/2023,14.16,9.77,19.33,9.4,0.01,76.24,1.82,24.4
1/2/2023,14.27,11.14,18.47,9.99,0.73,82.32,2.55,44.3
1/3/2023,14.76,9.85,18.88,10.95,0.13,73.39,2.07,27.7
1/4/2023,15.89,12.86,20.89,12.52,0,83.76,1.77,118.7
1/5/2023,17.14,14.35,21.1,13.35,0,84.15,2.28,42.7
1/6/2023,15.17,10.43,22.23,9.08,0,75.17,4.1,14.3
1/7/2023,16.69,10.09,21.59,11.78,0,66.27,2.02,356.5
1/8/2023,17.33,13.87,22.46,13.81,0.01,81.84,1.77,110.4
1/9/2023,18.63,15.5,22.68,15.44,1.98,82.72,1.76,27.3
1/10/2023,17.58,16.19,20.08,15.28,10.43,91.74,1.83,16.4
1/11/2023,18.63,16.7,23.54,15.85,2.68,89.18,1.68,130.2
1/12/2023,20,18.26,26.11,15.35,0.52,89.5,2.47,167.7
1/13/2023,21.86,17.41,29.29,15.78,0.01,77.55,2.7,234.9
1/14/2023,21.73,15.64,28.76,12.71,0.05,69.78,2.89,2
1/15/2023,12.79,7.03,20.53,5.53,0.06,69.73,4.64,38.5
1/16/2023,10.05,5.15,15.62,5.16,0.03,73.54,3.02,53.6
1/17/2023,10.39,5.46,16.26,6.49,0.04,73.3,3.24,39.1
1/18/2023,11.64,6.15,16.95,7.08,0,70.76,2.3,63.2
1/19/2023,13.35,9.17,18.13,9.34,0.05,77.04,2.01,38.7
1/20/2023,13.2,8.97,18.36,8.13,0.02,76.82,1.45,22.7
1/21/2023,15,12.34,21.45,10.82,0.01,84.27,2.07,159.9
1/22/2023,18.14,16,24.08,13.43,0,87.37,1.7,128.9
1/23/2023,17.68,13.56,24.66,10.52,0.21,77.26,4.75,46.3
1/24/2023,10.61,4.55,18.16,3.29,0,69.73,4.53,33.5
1/25/2023,10.95,6.08,16.65,5.64,0,75.85,2.02,107.2
1/26/2023,15.59,12.66,21.39,9.83,0.72,83.91,3.34,82.1
1/27/2023,10.55,5.07,17.8,4.14,0.03,70.54,4.54,29.1
1/28/2023,11.27,3.2,17.61,4.56,0,60.64,2.89,30.5
1/29/2023,12.55,3.24,18.48,6.14,0,55.12,2.41,3.2
1/30/2023,12.85,6.34,19.94,8,0,67.33,1.92,134.4
1/31/2023,13.98,10.06,20.98,9.6,0,79.64,2.22,153
2/1/2023,18.23,16.21,24.33,12.04,0.03,87.88,2.05,141.5
2/2/2023,20.58,18.59,26.71,16.79,1.09,88.74,2.66,132.4
2/3/2023,20.14,18.53,24.74,16.82,2.89,90.89,3.23,116.8
2/4/2023,21.77,19.69,27,18.31,12.07,88.68,3.84,143.4
2/5/2023,21.58,19.87,26.49,17.97,10.95,90.39,3.82,136.5
2/6/2023,22.16,20.02,27.86,18.64,1.53,88.43,3.7,141
2/7/2023,22.45,20.39,27.8,19.21,5.19,88.78,4.49,137.3
2/8/2023,22.71,20.73,27.65,19.79,6.13,89.22,4.52,145.9
2/9/2023,22.5,20.54,27.62,19.01,1.89,89.37,3.6,138.4
2/10/2023,23.01,20.88,28.65,19.16,0.75,88.58,4.27,154.8
2/11/2023,23.6,20.38,31.54,16.55,0.24,84.3,3.8,181.7
2/12/2023,23.45,18.1,32.59,16.74,0.09,75.72,2.62,202.7
2/13/2023,21.63,16.7,30.18,12.35,0.26,74.81,3.78,41.7
2/14/2023,15.22,10.51,20.04,11.3,0.09,74.73,4.04,56.1
2/15/2023,14.59,10.26,18.58,11.57,0.01,76.46,2.55,63.8
2/16/2023,15.59,12.36,19.34,12.87,0.02,82.14,1.63,115.4
2/17/2023,17.84,15.2,22.87,14.62,0,85.45,2.01,139.4
2/18/2023,20.12,17.29,26.06,16.21,0.1,85.18,2.34,127.2
2/19/2023,17.58,14.44,22.01,12.93,0.44,82.98,3.41,19.2
2/20/2023,18.82,14.32,24.43,15.44,0.12,77.03,2.1,117.5
2/21/2023,19.02,15.87,24.63,14.95,0.13,83.19,3.27,132.1
2/22/2023,17.85,14.99,23.12,14.04,0.08,84.75,2.94,122.9
2/23/2023,19.42,16.8,24.92,15.91,0.27,86.03,2.75,129.4
2/24/2023,16.87,12.58,21.12,11.65,0.88,76.22,4.58,43
2/25/2023,15.59,8.54,22.1,8.66,0,65.75,3.68,43.8
2/26/2023,15.11,8.41,21.09,9.75,0,66.4,2.87,65.3
2/27/2023,15.87,11.79,22.1,11.4,0,79.14,2.17,129.1
2/28/2023,17.7,14.65,23.89,13.83,0,83.57,1.79,138.6
3/1/2023,19.26,16.03,25.15,15.3,0.04,83.08,2.11,92.9
3/2/2023,19.32,14.59,25.46,15.11,0,75.96,2.26,105.7
3/3/2023,19.54,16.39,25.68,14.04,0.25,83.49,2.6,95
3/4/2023,19.44,15,24.11,15.31,0.03,76.95,1.6,56.7
3/5/2023,19.59,15.94,25.49,15.44,0.01,81.25,2.05,152.6
3/6/2023,20.17,17,25.89,16.33,0.01,83.53,3.16,139.3
3/7/2023,20.44,17.54,26.02,16.53,0.01,84.58,3.68,145.4
3/8/2023,21.1,18.32,26.27,17.59,0.09,85.27,2.31,142.2
3/9/2023,21.82,18.29,27.48,17.63,0.07,81.99,1.93,147.6
3/10/2023,21.75,18.27,27.75,17.53,0,82.06,3.35,147.2
3/11/2023,22.12,19.24,27.04,18.65,0.04,84.8,2.94,143.8
3/12/2023,19.24,14.12,25.14,13.82,1.31,72.35,4.35,26
3/13/2023,17.43,10.33,20.97,14.72,0.2,64.34,2.35,9.2
3/14/2023,20.12,15.86,26.26,16.08,0.37,78.8,3.06,156.4
3/15/2023,21.77,19.16,27.75,18.22,2.73,86.35,3.57,144.6
3/16/2023,21.97,19.58,27.16,18.14,2.5,86.7,4.06,154.3
3/17/2023,22.42,20.1,27.49,18.89,1.45,87.57,3.47,150.3
3/18/2023,22.46,19.97,26.61,19.19,0.65,86.55,3.86,148.1
3/19/2023,22.73,20.53,27.55,19.8,0.02,88.18,4.12,153.8
3/20/2023,24.59,22.05,30.71,21.02,0.23,86.93,3.56,164.7
3/21/2023,27.11,22.69,33.59,22.18,0.77,78.71,2.51,209.1
3/22/2023,28.02,21.94,35.39,21.55,0.09,73.57,2.44,204.5
3/23/2023,28.66,22.46,36.57,22.68,0,73.01,2.23,213.7
3/24/2023,27.74,23.25,34.12,23.37,0.36,79.27,2.25,73.1
3/25/2023,24.76,21.68,31.61,18.28,1.89,83.73,4.31,100.5
3/26/2023,20.68,17.4,24.59,17.81,3.66,82.59,2.89,69.1
3/27/2023,19.58,16.96,23.57,16.51,1.18,85.53,2.96,56.4
3/28/2023,19.51,16.78,23.25,17.14,1.45,85.01,1.84,73.8
3/29/2023,21.23,18.69,25.81,18.26,5.84,86.25,1.88,90.6
3/30/2023,20.99,18.51,25.26,18.43,2.47,86.56,2.03,100
3/31/2023,23.08,20.49,28.33,20,0.92,86.32,2.42,130.2
4/1/2023,24.67,22.32,29.96,21.23,2.2,87.72,3.42,143.4
4/2/2023,26.33,23.46,32.95,21.42,1.84,85.64,3.67,150.2
4/3/2023,27.34,23.45,34.62,21.87,0.35,81.84,3.51,165.5
4/4/2023,27.89,22.29,35.6,22.13,0.02,75.34,1.79,178.3
4/5/2023,27.77,21.8,35.67,22.27,0,73.25,1.4,132.1
4/6/2023,24.48,20.47,30.59,18.23,0,79.75,3.65,48.6
4/7/2023,22.16,17.28,26.98,19.57,0.46,76,2.29,95.7
4/8/2023,19.63,16.07,23.1,17.14,0.52,80.96,2.54,45.5
4/9/2023,21.69,19.07,26.28,18.57,0.73,85.94,2.5,122.5
4/10/2023,24.93,22.29,30.35,21.47,1.26,86.39,3,149.8
4/11/2023,26.5,23.66,32.27,23.06,1.93,85.68,2.51,129.6
4/12/2023,25.58,23.53,29.57,23.35,3.51,88.91,4.17,137.2
4/13/2023,26.24,23.93,30.95,23.21,3.4,87.73,5.11,147.1
4/14/2023,26.61,24.26,31.87,23.08,5.02,87.72,2.98,120.9
4/15/2023,25.28,21.19,28.68,20.78,3.35,78.84,2.96,24.8
4/16/2023,25.43,21.64,30.8,21.4,0.01,81.04,2.47,148.5
4/17/2023,26.31,23.76,31.56,22.81,0.35,86.88,3.61,148.2
4/18/2023,28.48,24.38,35.76,23.3,0.18,80.69,1.69,143.5
4/19/2023,28.14,24.46,34.07,23.66,0,82.2,2.2,78.8
4/20/2023,28.11,24.68,33.89,24.28,0,83.04,2.19,115.2
4/21/2023,28.33,25.14,33.55,24.88,0,83.94,2.31,136.4
4/22/2023,28.77,25.3,34.91,24.62,0.36,83.39,2.72,132.3
4/23/2023,28.34,25.03,33.53,24.97,0.36,83.67,2.83,136.8
4/24/2023,26.54,23.99,31.31,22.25,4.13,86.65,3.84,110.9
4/25/2023,21.55,17.86,25.18,18.25,1.48,80.41,3.52,41.1
4/26/2023,21.71,17.15,25.69,18.79,0.21,76.77,1.95,162.5
4/27/2023,25.16,21.61,30.66,21.35,0.3,82.25,4.05,155.8
4/28/2023,26.56,23.83,31.28,23.36,5.08,85.96,4.28,150.3
4/29/2023,21.46,18.45,25.79,18.07,20.66,83.71,4.09,28.8
4/30/2023,22.59,17.95,27.79,19.18,0.61,76.53,1.97,117.6
5/1/2023,24.69,19.91,30.49,20.22,0.08,77.15,2.73,147
5/2/2023,26.53,23.09,31.7,23.47,0,82.73,4.95,161.2
5/3/2023,27.83,24.33,33.43,24.4,0.01,82.7,5.2,160
5/4/2023,30.06,25.05,37.33,24.55,0.03,77.39,3.21,175.1
5/5/2023,31.32,24.49,38.58,25.51,0,70.66,2.97,218
5/6/2023,32.14,24.89,39.74,26.34,0.16,70.6,2.82,200.5
5/7/2023,28.43,24.87,34.11,20.95,29.32,81.79,3.63,45.2
5/8/2023,23.35,20.57,26.08,21.72,19.94,84.94,3.04,45.6
5/9/2023,24.78,23.26,27.86,22.19,0.67,91.51,2.11,118.4
5/10/2023,26.94,24.79,30.68,24.43,6.8,88.65,2.6,140.7
5/11/2023,25.67,22.73,31.16,20.76,8.46,84.35,3.55,62.4
5/12/2023,24.67,20.9,28.36,21.16,3.16,80.5,3.13,23.4
5/13/2023,21.92,19.87,23.88,20.31,4.11,88.31,3.24,1.7
5/14/2023,24.62,20.76,28.8,21.98,1.91,80.08,1.51,38.4
5/15/2023,26.37,23.08,31.26,22.71,0.07,83.35,3.27,152.1
5/16/2023,30.02,24.13,36.15,25.08,0.02,72.65,2.98,221.8
5/17/2023,31.24,23.58,37.53,25.25,0,66.05,2.81,258.7
5/18/2023,30.93,24.17,37.19,25.66,0,70.67,2.05,149.2
5/19/2023,30.47,26.02,36.29,25.99,0.02,79.5,2.16,111.7
5/20/2023,31.04,26.33,37.06,26.75,0.01,78.6,2.27,148
5/21/2023,30.96,26.26,37.51,26.61,0.02,78.83,2.42,160
5/22/2023,31.06,25.19,37.61,23.85,0.28,73.6,2.82,55
5/23/2023,26.32,22.95,29.83,23.25,4.1,82.7,2.12,58.2
5/24/2023,27.57,25.53,30.68,25.35,18.55,89.17,2.25,121.2
5/25/2023,28.09,25.54,32.19,25.17,4.43,87.06,2.23,130.3
5/26/2023,27.84,25.76,30.81,25.46,2.08,88.93,3.27,147.5
5/27/2023,27.64,25.41,31.02,25,2.46,88.27,3.09,147.7
5/28/2023,28.18,25.22,31.86,24.88,0.86,84.92,2.8,153.4
5/29/2023,29.47,25.43,34.56,25.02,0.23,80.62,2.03,144.3
5/30/2023,29.74,25.25,34.96,24.97,0.03,78.54,2.04,147.2
5/31/2023,30.52,25.6,36,26.18,0.59,77.27,2.15,138.9
6/1/2023,30.26,27.11,33.76,27.71,0.8,83.98,1.88,144.3
6/2/2023,30.12,26.29,35.16,26.47,1.52,81.52,2.79,144.2
6/3/2023,29.68,25.95,33.57,26.53,2.58,81.28,2.03,159.9
6/4/2023,28.92,25.87,32.54,25.9,4.13,84.74,2.35,137.8
6/5/2023,28.25,25.55,31.56,25.1,7.8,85.84,2.02,136.6
6/6/2023,28.41,25.28,32.15,25.15,6.16,83.67,1.81,56.2
6/7/2023,29.18,25.13,33.14,25.71,2.56,79.87,1.98,152.3
6/8/2023,29,25.78,32.46,25.49,42.54,83.62,1.73,101
6/9/2023,27.84,24.5,32.03,24.46,5.69,82.62,2.94,327.3
6/10/2023,30.2,24.99,34.57,26.14,1.04,75.1,1.73,313.5
6/11/2023,30.21,26.14,34.58,26.54,1.58,80.28,2.12,115.6
6/12/2023,29.04,26.56,32.49,26.37,4.6,87.1,2.02,132
6/13/2023,28.44,26.34,31.26,25.97,17.2,88.78,1.79,196.6
6/14/2023,28.51,25.88,32.06,26.1,9.09,86.46,1.77,118.1
6/15/2023,28.27,26.11,32.01,26.45,3.52,88.58,2,171.8
6/16/2023,28.74,26.46,31.77,26.7,1.13,88.07,2.04,155.4
6/17/2023,29.19,26.35,32.89,26.65,8.5,85.65,2.13,154.4
6/18/2023,29.17,26.19,33.05,26.42,20.44,85.06,1.99,150.6
6/19/2023,28.37,26.28,31.56,25.97,9.3,88.84,1.84,171.2
6/20/2023,28.96,26.11,32.6,26.61,2.8,85.43,1.96,150.6
6/21/2023,29.73,25.73,34.08,26.57,5.15,80.21,1.43,221.3
6/22/2023,28.66,25.84,30.78,26.71,15.96,85.06,1.62,227.5
6/23/2023,29.1,25.97,33.07,26.38,24.5,84.25,2.16,170.6
6/24/2023,26.96,25.74,29.29,24.35,36.51,93.16,2.7,132.1
6/25/2023,25.35,23.43,27.48,23.87,31.69,89.22,1.78,325.7
6/26/2023,27.63,25.43,31.19,25.3,18,88.4,2.62,127.7
6/27/2023,27.76,25.65,30.41,25.9,9.92,88.87,3.59,147
6/28/2023,28.43,26.16,32.3,25.74,4.28,88.22,3.44,158
6/29/2023,29.5,26.82,33.15,27.25,0.14,86.25,3.2,159
6/30/2023,29.88,27.18,33.72,27.3,1.49,86.18,2.5,170.2
7/1/2023,30.02,27.06,34.14,27.25,2.27,85.25,2.34,157.1
7/2/2023,30,26.32,34.59,26.94,1.81,82.18,2.33,174.2
7/3/2023,28,26.47,30.42,26.07,6.23,91.58,3.1,177.4
7/4/2023,29.47,26.48,34.04,26.22,5.1,85.09,2.43,154.1
7/5/2023,29.31,26.04,33.36,26,0.28,83.75,2.52,162.1
7/6/2023,30.07,26.27,34.85,26.72,0.02,81.54,2.86,175.4
7/7/2023,29.7,26.66,33.57,26.88,0.17,84.63,3.17,167.9
7/8/2023,29.38,27.02,33.55,26.14,2.05,87.79,2.96,157.1
7/9/2023,29.12,26.45,33.05,26.04,3.49,86.28,2.77,163.6
7/10/2023,28.58,25.84,31.89,25.9,0.69,85.89,2.45,185.6
7/11/2023,29.33,26.01,33.74,26.36,3.15,83.56,2.47,171.1
7/12/2023,29.28,25.86,33.44,26.21,2.51,82.81,2.16,195.4
7/13/2023,30.3,25.88,34.93,27.1,2.15,78.77,1.72,181.5
7/14/2023,29.93,25.86,33.68,26.6,2.74,79.67,1.37,183.2
7/15/2023,29.43,25.76,32.28,26.44,4.38,81.12,2.5,6.3
7/16/2023,29.08,25.39,31.89,26.43,0.03,80.84,2.14,330.4
7/17/2023,30.23,24.69,33.86,26.03,3.04,73.26,3.07,346.3
7/18/2023,27.5,24.49,30.46,25.69,12.58,84.22,5.59,260.9
7/19/2023,27.36,25.69,30.21,25.11,9.84,90.89,3.09,126.8
7/20/2023,27.85,25.8,30.86,25.25,6.66,89.05,1.71,82.7
7/21/2023,28.29,26.06,31.34,25.64,5.52,88.13,1.64,110.9
7/22/2023,28.36,25.55,32.1,24.7,6.36,85.4,2.31,165
7/23/2023,28.48,25.29,33.02,24.92,0.13,84.1,2.48,165.2
7/24/2023,29.17,25.52,33.8,25.56,0.04,81.89,2.13,169
7/25/2023,29.11,25.42,33.68,25.07,0,81.69,2.29,169.5
7/26/2023,30.15,25.74,35.26,26.19,0,78.74,2.12,160
7/27/2023,31.02,27.28,35.18,27.5,11.78,81.69,1.7,143.7
7/28/2023,28.38,25.71,32.64,25.29,21.88,86,2.55,327.9
7/29/2023,29.87,26.53,33.96,26.63,2.11,83.21,1.91,113.7
7/30/2023,28.8,26.84,31.63,26.48,9.41,89.5,2.6,122.6
7/31/2023,27.81,26.14,30.22,25.43,17.69,90.83,1.95,131.1
8/1/2023,28.09,25.66,31.46,25.14,14.2,87.28,1.02,128.2
8/2/2023,27.86,26,30.89,25.57,18.03,89.98,2.86,350.3
8/3/2023,27.91,25.59,30.38,25.59,17.44,87.41,1.8,336.5
8/4/2023,28.1,26.01,30.73,25.73,43.65,88.8,2.51,184.4
8/5/2023,28.56,25.69,32.71,25.47,14.93,85.14,2.93,220.9
8/6/2023,27.88,25.26,31.72,24.5,10.75,86.22,2.76,220.6
8/7/2023,26.97,24.99,29.97,24.79,12.15,89.18,2.91,220.5
8/8/2023,28.67,25.21,33.3,25.17,0.89,82.5,2.76,222.5
8/9/2023,29.98,25.81,33.78,26.54,1.69,79.64,1.56,230.1
8/10/2023,28.05,25.68,30.8,25.72,9.27,87.44,1.61,228.5
8/11/2023,29.14,26.18,32.84,26.51,12.28,84.93,1.3,150.1
8/12/2023,27.63,25.64,30.33,25.05,3.46,89.17,1.15,193.5
8/13/2023,28.69,25.99,32.28,26.01,12.88,85.97,1.86,124.9
8/14/2023,28.11,26.07,30.62,25.7,15.86,89,1.4,113.5
8/15/2023,28.12,25.48,31.02,25.44,3.23,85.9,1.12,220
8/16/2023,29.06,25.97,32.29,26.18,0.85,84.39,1.61,151.2
8/17/2023,29.18,26.21,32.53,26.47,0.94,84.54,1.24,198.9
8/18/2023,29.71,26.14,32.67,26.98,9.69,81.56,1.16,288.5
8/19/2023,30.32,26.31,34.88,26.58,24.21,80.88,1.39,141.8
8/20/2023,28.09,26.51,30.85,25.82,32.79,91.29,2.49,145.7
8/21/2023,28.52,26.16,32.61,25.2,1.12,87.69,2.22,150.5
8/22/2023,29.42,26.45,32.98,26.83,0.8,84.87,1.59,162
8/23/2023,27.85,25.97,30.25,25.75,5.87,89.83,1.86,163.3
8/24/2023,28.17,25.63,31.57,25.54,24.01,86.9,1.71,142
8/25/2023,28.01,25.66,31,25.38,13.59,87.61,2.04,158.9
8/26/2023,29.41,26.19,33.74,26.08,12.88,83.75,1.92,186.7
8/27/2023,30.19,26.42,33.86,26.82,13.42,81.21,1.96,319.6
8/28/2023,27.42,25.02,30.7,24.18,6.88,87.18,2.66,5.4
8/29/2023,27.07,23.7,30.97,23.87,0.08,82.73,3.14,27.6
8/30/2023,27.06,23.17,31.12,23.15,0.03,80.33,3.08,17.6
8/31/2023,25.68,20.91,31.32,21.94,0,76.16,3.44,359.1
9/1/2023,28.26,23.48,32.2,24.53,0,76.04,2.85,340.2
9/2/2023,27.76,23.25,32.05,22.48,0.06,77.28,2.94,9.2
9/3/2023,26.37,22.34,31.03,22.18,2.38,79.97,3.29,345
9/4/2023,26.19,23.31,29.85,23.28,3.01,84.56,3.22,358.8
9/5/2023,28.61,24.91,32.36,24.99,0.1,81.14,2.38,30.1
9/6/2023,29.7,25.57,33.29,26.19,0.5,79.34,1.72,50.4
9/7/2023,29.39,26.01,33.29,26.12,8.19,82.94,1.84,76.4
9/8/2023,27.34,25.51,30.03,24.54,13.83,89.94,1.95,358.1
9/9/2023,28.16,25.02,31.58,24.96,5.92,83.7,2.21,25.5
9/10/2023,28.49,25.71,32.02,25.6,2.86,85.64,2.07,135.4
9/11/2023,28.22,24.87,32.45,25.3,6.96,83.32,1.35,178.5
9/12/2023,28.25,25.38,31.21,24.44,19.68,84.85,2.3,308.5
9/13/2023,24.39,22.94,25.94,22.89,24.52,91.63,5.25,319.3
9/14/2023,24.2,22.38,26.93,21.84,20.37,89.84,4.33,349.3
9/15/2023,24.76,22.92,27.67,22.67,7.19,89.75,3.68,17.1
9/16/2023,26.15,24.44,28.84,23.85,5.96,90.44,1.81,67.2
9/17/2023,27.12,25.09,30.56,24.65,3.67,89.14,1.73,103.8
9/18/2023,26.6,25.03,29.24,24.38,2.67,91.32,2.04,140
9/19/2023,27.35,25.36,30.95,24.78,3.1,89.43,2.38,148.8
9/20/2023,27.56,26.01,31.01,24.96,6.1,91.64,2.6,149.8
9/21/2023,27.79,25.42,32.04,24.68,0.35,87.7,2.17,159.3
9/22/2023,28.15,25.07,32.56,24.83,0.4,84.39,1.69,151.2
9/23/2023,27.65,24.85,32.06,23.71,0.46,85.55,1.93,132.3
9/24/2023,27.48,24.42,31.96,23.7,0.23,84.24,2.13,93.2
9/25/2023,27.15,24.13,30.06,24.56,5.84,84.14,2.53,27.6
9/26/2023,26.26,25,28.31,24.43,60.99,92.84,4.25,36.2
9/27/2023,26.54,25.41,29.13,25.03,41.76,93.6,2.98,87
9/28/2023,25.69,24.9,27.84,23.14,47.18,95.39,2.63,69.1
9/29/2023,26.93,24.88,30.31,24.56,6.91,88.92,1.7,84.1
9/30/2023,27.67,24.57,31.71,24.53,1.27,84.02,1.42,145.4
10/1/2023,27.29,24.17,32.27,23.09,0.68,84.28,1.89,152.8
10/2/2023,27.2,23.9,32.11,23.04,0.05,83.53,1.61,145.7
10/3/2023,27.69,23.88,32.27,24.37,0.01,80.89,1.32,135.9
10/4/2023,28.11,24.93,32.81,24.61,0.12,83.98,1.54,157.7
10/5/2023,28.17,25.23,32.73,24.57,0,85.13,2,153.7
10/6/2023,28.03,25.35,32.25,24.89,4.29,86.28,2.31,126.7
10/7/2023,23.76,21.5,26.55,20.68,6.65,87.36,3.86,34.9
10/8/2023,23,19.24,27.01,19.47,0.01,80.28,3.06,26.8
10/9/2023,23.88,20.83,28.04,20.4,0.13,83.73,3.24,30.8
10/10/2023,23.34,20.15,27.52,19.93,0.06,83.08,3.02,30.6
10/11/2023,23.54,20.72,27.33,20.27,0.11,84.94,3.01,36.7
10/12/2023,23.14,21.15,26.86,19.88,29.96,88.98,2.42,29.7
10/13/2023,24.41,22.32,27.95,21.39,96.62,88.42,1.87,62.2
10/14/2023,23.43,21.13,27.77,19.73,0.31,87.39,2.82,35.1
10/15/2023,23.37,19.61,27.61,19.03,0.02,80.18,2.56,17.4
10/16/2023,24.41,21.01,28.79,19.47,0,82.16,2.23,20.1
10/17/2023,25.22,20.36,29.35,20.13,0,75.29,1.65,20.9
10/18/2023,25.85,22.65,30.12,22.19,0.01,83.49,2.22,22.8
10/19/2023,26.06,23.05,30.79,20.3,0.37,84.02,3.73,3.4
10/20/2023,22.73,18.8,27.77,18.53,0.06,79.34,4.1,10.2
10/21/2023,21.3,17.22,25.71,17.85,0.09,78.82,3.22,37.9
10/22/2023,21.68,19,24.27,19.39,0.03,85.09,1.86,41.8
10/23/2023,23.41,21,26.59,20.39,0.07,86.77,1.68,34.6
10/24/2023,25.42,22.49,29.43,22.56,0.08,84.41,1.6,88.8
10/25/2023,25.9,23.19,30.11,22.75,0.11,85.69,1.72,111.2
10/26/2023,26.13,23,30.39,22.77,0.21,83.76,1.43,117.5
10/27/2023,26.13,22.8,30.29,22.75,0.77,82.75,1.81,82.7
10/28/2023,24.75,22.82,27.92,22.48,4.46,89.35,2.19,63.5
10/29/2023,23.59,21.61,27.63,19.85,1.63,89.02,3.36,43.8
10/30/2023,23.43,20.24,27.81,19.6,0.43,83.05,2.62,31.1
10/31/2023,23.77,19.83,27.91,19.08,0,79.28,2,38.1
11/1/2023,22.88,18.94,28.01,18.71,0,79.63,1.78,102.5
11/2/2023,23.62,20.47,28.49,20.32,0,83.9,1.74,159.2
11/3/2023,24.99,22.89,29.67,22.11,0.16,88.7,2.44,156.5
11/4/2023,25.69,23.8,29.89,22.83,0.48,89.68,3,151.9
11/5/2023,25.7,23.92,29.93,22.54,0.14,90.41,2.76,149.1
11/6/2023,22.76,20.5,28.7,17.98,6.71,87.46,3.07,39.8
11/7/2023,20.66,18.82,22.48,19,4.34,89.29,1.63,346.6
11/8/2023,24.51,22.41,29.01,21.2,0.24,88.56,1.66,132.7
11/9/2023,25.93,23.77,30.45,22.69,0.3,88.58,2.17,153.4
11/10/2023,25.97,23.84,30.79,22.62,0.28,88.61,2.27,152.6
11/11/2023,26.18,23.69,30.84,22.83,0.05,87.01,1.96,141.7
11/12/2023,21.66,18.53,27.17,15.19,4.01,82.66,4.93,52.6
11/13/2023,15.92,13.35,18.91,12.96,3.17,85.25,3.48,26.4
11/14/2023,17.5,14.17,21.35,14,0,81.66,2.12,37.7
11/15/2023,19.77,17.37,23.98,15.93,1.36,86.58,2.67,48.2
11/16/2023,16.68,12.32,21.62,12.57,0.03,76.31,4.38,18.8
11/17/2023,17.22,10.53,22.78,10.2,0,66.32,2.64,28.1
11/18/2023,17.72,9.88,22.69,12.49,0.04,61.31,1.96,11.5
11/19/2023,18.67,11.76,24.22,12.48,0,65.61,1.8,3.1
11/20/2023,18.5,13.14,24.84,12.24,0,72.55,1.75,47.6
11/21/2023,18.75,15.1,24.79,14.71,0.01,81.36,1.77,156.6
11/22/2023,20.88,17.26,25.88,16.71,0.06,80.85,1.08,27.2
11/23/2023,22.2,19.27,26.88,18.26,0,84.47,1.65,48.2
11/24/2023,21.54,18.6,26.46,18.04,0.05,84.65,2.17,84.6
11/25/2023,21.16,18.33,26.2,16.76,0.04,84.94,2.08,112.7
11/26/2023,21.75,17.93,26.31,16.95,0.01,79.7,1.8,16.6
11/27/2023,21.36,17.78,26.17,14.91,0,80.7,1.52,12.7
11/28/2023,20.15,15.42,25.62,15.41,0,76.11,1.85,72.7
11/29/2023,21.41,18.15,26.1,17.39,0.07,82.87,1.31,59.8
11/30/2023,20.89,18.75,25.78,15.31,7.73,87.85,3.28,28.3
12/1/2023,15.97,13.44,18.41,14.12,1.6,85.36,3.21,29.3
12/2/2023,17.76,15.09,21.32,14.93,0.21,85.09,1.88,47.6
12/3/2023,18.2,16.09,21.21,15.82,0.05,87.94,2,35.2
12/4/2023,17.49,15.69,20.24,15.16,0.01,89.47,1.85,25.9
12/5/2023,20,17.73,24.01,16.61,0.72,87.54,1.87,113
12/6/2023,18.46,15.19,24.06,13.44,0.33,82.24,3.65,17.6
12/7/2023,19.11,13.61,24.42,15.56,0,71.81,1.87,80
12/8/2023,20.1,16.44,25.51,16.89,0,81.13,2.12,154.8
12/9/2023,22.79,21.04,28.12,18.62,0.04,89.67,2.55,153.2
12/10/2023,24.24,22.45,29.19,21.19,0.62,90.4,3.46,149
12/11/2023,24.06,22.55,28.74,20.96,1.96,91.67,2.97,140
12/12/2023,22.16,20.73,26.24,18.32,1.32,91.58,3.24,116.7
12/13/2023,22.53,21.1,27.76,19.52,0.31,90.49,3.28,138.3
12/14/2023,23.6,21.72,28.67,20.36,0,88.86,3.26,157.6
12/15/2023,23.5,20.82,29.68,13.39,1.31,85.6,3.53,111.1
12/16/2023,12.15,6.93,16.28,8.02,0.29,71.31,5.06,35.3
12/17/2023,12.13,8.12,16.65,8.9,0.04,78.19,2.48,60.4
12/18/2023,14.19,11.52,18.93,9.45,0.14,84.76,2.51,48.6
12/19/2023,12.43,8.35,17.85,8.88,0.04,76.79,3.51,39
12/20/2023,11.28,5.93,16.88,6.44,0.06,71.22,3.39,34.6
12/21/2023,10.02,3.94,16.69,4.7,0.03,68.31,4.16,41.5
12/22/2023,8.77,2.34,14.71,3.56,0,66.39,3.66,32.3
12/23/2023,10.32,3.7,15.9,5.48,0,65.83,3.34,25.5
12/24/2023,11.43,3.49,17.31,5.4,0,60.53,2.99,30.2
12/25/2023,12.42,4.53,17.96,6.75,0,60.56,2.24,48.6
12/26/2023,15.03,8.75,20.6,9.34,0,68.01,1.35,47.8
12/27/2023,16.27,13.58,22.64,11.53,0,84.46,1.73,111.7
12/28/2023,17.79,15.31,23.81,13.23,0.04,85.86,1.66,110.8
12/29/2023,19.1,17,24.24,15.5,0.74,88.39,1.95,112.3
12/30/2023,19.6,17.78,25.02,16.62,0.63,89.85,1.69,112.6
12/31/2023,20.72,18.42,26.23,17.34,0.05,87.77,1.84,131.6
1/1/2024,21.01,19.16,26.29,17.25,0,88.51,2.75,138.5
1/2/2024,21.29,18.85,27.04,14.47,0.75,86.63,3.59,120.2
1/3/2024,14.75,11.73,17.75,12.27,0.31,82.89,3.08,41.1
1/4/2024,17.06,14.74,22.01,13.49,0.17,86.77,2.27,123
1/5/2024,19.92,18.22,25.55,16.02,0.05,88.57,2.74,146.1
1/6/2024,20.25,17.96,25.8,16.16,0.04,86.41,2.64,133.7
1/7/2024,20.52,18.34,25.58,17.62,0.11,87.66,3.18,130.9
1/8/2024,21.42,19.14,26.94,18.12,0.07,87.34,3.17,151.9
1/9/2024,22.01,19.66,26.98,18.46,4.94,87.41,3.17,131.5
1/10/2024,18.66,17.11,21.24,17.02,11.3,90.94,3.13,49.4
1/11/2024,18.57,17.23,22.64,16.23,7.25,92.12,2.91,56.9
1/12/2024,19.44,18.02,23.13,16.6,4.26,91.79,2.29,79.4
1/13/2024,18.57,17.26,22.91,16.16,4.58,92.37,2.73,94.3
1/14/2024,19.07,17.52,24.05,16.02,0.91,91.02,2.38,107.6
1/15/2024,19.56,17.51,24.83,16.4,0.41,88.45,3.12,117.2
1/16/2024,19.49,17.72,24.39,16.03,3.75,89.62,3.58,118.7
1/17/2024,20.52,18.51,25.72,17.39,4.17,88.95,3.56,137.1
1/18/2024,20.9,18.93,26.39,17.18,1.4,88.41,3.59,155.8
1/19/2024,21.77,19.47,27.23,18.36,0.37,87.53,3.56,155.5
1/20/2024,18.6,15.65,24.35,13.74,1.2,83.45,3.91,64.1
1/21/2024,14.46,11.71,17.7,10.09,3.34,83.97,4.02,43.6
1/22/2024,8.41,4.25,10.96,4.5,2.31,75.26,5.79,36.4
1/23/2024,7.27,2.26,10.79,3.5,0.11,71.39,3.6,43.7
1/24/2024,7.65,2.98,12.44,3.63,0.01,74.24,3.01,51
1/25/2024,9.63,4.74,12.66,5.49,0.13,72.83,1.76,42.5
1/26/2024,11.16,8.41,14.59,8.19,2.47,84.12,2.17,51.2
1/27/2024,11.07,8.66,14.3,8.53,0.58,85.51,2.5,42.9
1/28/2024,12.05,9.37,15.29,9.3,0.85,84.59,2.1,50.1
1/29/2024,12.97,11.16,16.5,10.06,0.16,89.28,1.46,63.4
1/30/2024,17.34,15.59,22.38,13.08,0.27,89.78,2.03,132.8
1/31/2024,20.44,18.71,25.49,16.7,0.58,89.98,2.92,153
2/1/2024,22.42,19.87,28.91,18.1,0.19,86.51,2.74,153.5
2/2/2024,22.78,20.11,28.8,19.15,0.15,86.4,3.6,150.6
2/3/2024,22.69,20.33,28.2,18.12,0.58,87.17,4.5,152.2
2/4/2024,23.79,19.99,30.43,20.09,0.06,82.34,2.8,141.1
2/5/2024,22.13,19.28,29.16,17.77,0.2,85.19,4.5,132.5
2/6/2024,21.04,18.49,28.41,15.24,0.53,86.35,4.44,116.8
2/7/2024,16.01,12.78,20.92,9.62,0.63,82.02,3.93,70.3
2/8/2024,13.15,8.05,18.81,8.72,0.23,72.14,3.87,47.6
2/9/2024,13.88,8.47,18.51,9.39,0.15,71.68,2.56,46.2
2/10/2024,15.81,9.87,20.32,10.87,0,70.04,2.11,26.1
2/11/2024,16.35,9.98,22.54,11.59,0,68.26,2.16,73.6
2/12/2024,17.62,14.04,23.87,13.55,0,80.43,2.54,139
2/13/2024,19.85,17.23,26.2,15.53,0.03,85.35,3.89,158.2
2/14/2024,20.73,17.9,27.1,17.03,0.02,84.84,4.08,149.7
2/15/2024,20.62,17.26,26.72,14.29,0,81.79,2.98,72.8
2/16/2024,18.59,14.88,24.28,14.62,0,80.86,2.47,129.5
2/17/2024,21.5,18.68,28.07,17.57,0.06,85.11,4.69,154.1
2/18/2024,23.58,20.31,31.02,18.01,0.08,83.68,2.9,163.8
2/19/2024,24.32,19.86,32.28,18.72,0.22,80.09,2.76,157.3
2/20/2024,25.24,20.86,33.6,19.54,0.17,79.96,3.56,163.8
2/21/2024,25.85,21.11,33.68,20.39,0.22,78.85,2.71,149.2
2/22/2024,24.14,20.58,31.5,16.13,1.38,82.1,3.87,115.4
2/23/2024,16.69,13.15,21.41,11.13,2.42,80.4,4,65.5
2/24/2024,14.62,11.5,18.93,10.4,2.81,82.19,3.35,54.9
2/25/2024,14.64,11.86,18.41,10.96,0.51,84.27,2.39,91
2/26/2024,14.98,11.75,19.92,10.13,0.95,81.61,3.26,59
2/27/2024,14.24,11.16,18.23,10.44,0.26,82.88,2.06,80.9
2/28/2024,17.36,15.2,21.91,13.88,0.58,87.91,2.15,111.5
2/29/2024,15.9,12,22.37,10.01,0.74,77.97,4.28,44.7
3/1/2024,13.28,8.96,17.38,9.7,0.16,76.31,3.37,55.5
3/2/2024,13.67,8.89,18.61,10.22,0.02,75.22,2.67,99.8
3/3/2024,17.45,14.73,23.09,13.03,0.77,84.86,3.51,149.8
3/4/2024,24.56,18.07,34.75,18.08,0.08,70.25,3.02,217.5
3/5/2024,26.13,17.72,35.4,18.5,0,65,2.82,308.1
3/6/2024,21.49,15.86,28.74,14.92,0,73.04,3.7,55.2
3/7/2024,19.6,14.43,25.87,15.12,0.04,74.33,2.91,66.9
3/8/2024,17.91,14.47,21.89,15.29,0.2,81.58,2.35,99.5
3/9/2024,18.73,16.35,22.92,15.07,0.86,86.68,2.51,69.5
3/10/2024,18.86,16.31,23,15.96,0.75,85.97,2.46,79.1
3/11/2024,20.46,14.99,25.82,16.32,0.12,72.23,2.55,21.4
3/12/2024,20.7,16.62,26.57,17,0.29,79.71,3.07,128.1
3/13/2024,22.74,19.85,28.63,19.13,1.36,85.03,3.31,140.6
3/14/2024,23.69,21.04,30.05,20.01,2.26,86.13,3.78,132.1
3/15/2024,24.17,21.33,30.25,20.56,0.84,85.54,3.93,143.3
3/16/2024,24.54,21.86,30.26,20.99,0.37,86.21,3.72,146.5
3/17/2024,25.02,22.15,30.81,21.63,0.18,85.2,3.78,143.4
3/18/2024,24.06,21.17,30.12,17,12.75,84.62,4.69,107
3/19/2024,18.4,14.61,20.78,16.17,9.28,79.13,3.17,49.6
3/20/2024,18.25,12.98,21.33,15.86,0.02,72.33,1.85,92.8
3/21/2024,21.22,17.05,26.99,17.65,0.12,79.21,3.23,155.5
3/22/2024,23.97,21.05,30.35,20.37,0.93,85.14,3.72,155.5
3/23/2024,25.59,22.35,32.17,20.81,0.58,84,3.6,153.3
3/24/2024,26.41,22.75,33.65,21.05,0.14,82.38,3.81,143.4
3/25/2024,26.38,22.74,33.16,21.51,0.09,82.58,2.54,129.9
3/26/2024,25.53,21.95,31.26,21.84,0.23,82.02,4.11,152.1
3/27/2024,24.6,22.21,28.83,21.39,0.56,87.39,3.82,152.3
3/28/2024,26.07,22.91,31.71,22.35,5.98,84.09,2.83,124.3
3/29/2024,24.16,21.11,28.76,20.53,6.41,83.98,2.61,146.1
3/30/2024,26.55,23.27,32.99,21.82,0,83.77,2.97,152.3
3/31/2024,28.47,22.76,37.04,22.21,0,75.43,2.15,170.9
4/1/2024,28.94,21.48,38.01,22.82,0,68.56,2.94,201
4/2/2024,29.17,22.22,38.53,22.97,0,70.7,3.15,187.1
4/3/2024,28.78,23.18,37.24,23.5,0,75.89,1.62,138.1
4/4/2024,28.61,23.91,36.9,24.18,0.04,78.8,2.79,84.7
4/5/2024,26.26,23.4,31.26,23.26,0.37,85.09,3.97,111.6
4/6/2024,26.69,23.79,31.85,23.77,2.31,85.14,3.9,126.1
4/7/2024,26.05,23.38,31.23,22.66,3.9,86.09,3.89,123
4/8/2024,24.87,22.06,28.51,21.38,1.7,85.15,2.83,75.7
4/9/2024,23.99,20.62,27.86,21.4,1.48,82.69,2.11,112.4
4/10/2024,24.75,22.13,28.47,22.12,0.15,86.2,2.46,139.1
4/11/2024,26.15,23.11,31.65,23.06,0,84.55,3.71,147.5
4/12/2024,26.49,23.65,31.06,23.73,0,85.33,3.7,155
4/13/2024,27.91,24.2,34.69,23.49,0.07,82.11,3.8,149.6
4/14/2024,29.1,24.66,36.63,24.9,0.11,79.66,2.88,137.7
4/15/2024,27.95,24.64,33.76,24.59,0.47,83.5,3.94,147.5
4/16/2024,27.97,24.1,34.63,23.75,0.36,81.47,4.68,157.1
4/17/2024,28.57,24.74,35.13,23.98,6.08,81.9,2.54,131.2
4/18/2024,28.33,24.23,35.36,24.25,2.86,81.08,2.96,148.8
4/19/2024,29.11,24.19,36.31,24.27,0.6,78.08,3.02,155
4/20/2024,29.6,23.94,37.04,24.44,0.95,75.45,1.88,118.3
4/21/2024,29.39,24.45,36.39,24.71,4.36,77.73,2.46,99.3
4/22/2024,28.22,24.67,33.92,24.89,1.36,82.42,3.43,119.9
4/23/2024,27.88,24.69,32.36,24.4,2.44,83.75,2.29,93.2
4/24/2024,27.84,24.79,32.89,24.47,7.15,84.69,2.97,135.3
4/25/2024,29.77,24.62,37.3,24.51,1.86,77.15,2.11,157.9
4/26/2024,31.18,23.13,38.74,25.66,0,66.19,2.62,232.7
4/27/2024,31.56,21.01,39.79,24.54,0,58.38,2.98,257.9
4/28/2024,31.26,23.62,39.93,25.52,0,69.79,1.99,118.8
4/29/2024,32.22,23.32,41.27,26.55,0.01,62.7,2.99,185.7
4/30/2024,31.48,23.23,39.46,23.95,8,65.69,3.57,45.7
5/1/2024,26.42,21.66,32.06,21.75,24.63,77.15,3.48,69.4
5/2/2024,26,23.54,29.38,22.41,15.42,86.92,2.76,94.1
5/3/2024,27.03,25.07,31.22,24.55,19.65,89.49,3.69,138.4
5/4/2024,28.58,24.84,34.37,24.5,0.83,82.25,2.48,114.2
5/5/2024,27.45,24.5,32.24,24.4,24.51,85.01,3.03,116.6
5/6/2024,26.42,24.77,29.35,24.28,7.51,90.92,3.14,138.7
5/7/2024,26.68,23.77,30.27,23.51,1.68,84.93,2.44,159.4
5/8/2024,25.89,23.34,29.05,23.56,13.42,86.56,1.89,142
5/9/2024,26.46,23.82,30.11,24.07,19.17,86.3,2.47,128
5/10/2024,27.06,24.57,31.56,24.7,3.9,87.01,3.38,152
5/11/2024,27.22,24.61,31.56,24.5,1.28,86.45,3.11,152
5/12/2024,26.59,24.69,29.83,23.13,10.43,89.64,2.64,71.9
5/13/2024,24.45,21.02,27.76,21.37,5.85,81.92,2.8,17.7
5/14/2024,27.38,23.28,32.72,23.72,0.21,80.26,2.14,136.9
5/15/2024,27.2,24.4,31.41,23.97,15.81,85.62,2.43,111.9
5/16/2024,26.03,22.68,30.77,22.52,3.86,82.73,2.35,90.8
5/17/2024,27.44,23.96,31.7,24.79,0.12,82.55,3.16,132.1
5/18/2024,28.22,25.92,32.33,25.6,8.16,87.99,3.85,154.4
5/19/2024,28.57,25.82,33.4,23.83,16.46,85.92,2.53,20.7
5/20/2024,26.4,23.11,29.9,23.17,0.39,82.49,2.54,338.6
5/21/2024,27.67,23.78,31.16,24.82,0.72,80.66,1.81,48.4
5/22/2024,27.49,23.61,31.11,23.86,2.05,80.1,1.57,69.2
5/23/2024,27.78,24.14,32.05,24.36,3,81.84,1.82,140.3
5/24/2024,27.96,24.29,32.43,24.78,3.69,81.99,2.93,148.2
5/25/2024,28.08,25.67,32.1,26.13,18.4,87.57,4.09,161
5/26/2024,28.87,26.24,32.27,26.74,5.14,86.39,2.57,179.4
5/27/2024,30.87,25.64,34.79,27.43,0.43,74.51,1.98,274.6
5/28/2024,30.53,26.1,34.63,27.06,1.98,78.95,1.84,101
5/29/2024,30.38,27.36,35.06,27.35,3.19,85.06,2.23,114.9
5/30/2024,27.84,24.97,32.73,23.12,7.01,84.66,3.24,35.5
5/31/2024,26.63,23.26,30.41,23.64,8.17,82.41,2.88,335.8
6/1/2024,28.76,24.84,32.52,25.53,0.07,80.65,1.97,144.7
6/2/2024,30.03,25.87,34.54,26.93,2.63,80.08,2.32,182.5
6/3/2024,29.71,26.1,33.43,27.2,4.03,82.11,1.55,174.6
6/4/2024,28.89,26.49,32.21,26.47,14.87,87.52,1.74,103.3
6/5/2024,27.47,25.75,30.58,24.34,34.97,90.59,3.46,70.2
6/6/2024,27.57,25.82,30.45,24.97,13.67,90.45,1.68,111.8
6/7/2024,28.8,26.16,33.16,26.1,6.86,86.61,2.18,145.7
6/8/2024,28.46,26.47,31.06,26.59,30.41,89.39,2.16,129.7
6/9/2024,27.89,26.77,30.09,26.47,65.15,93.67,3.05,126.9
6/10/2024,27.48,26.39,29.41,26.01,13.01,93.83,2.79,145
6/11/2024,28.65,26.31,32.07,26.46,15.76,87.78,1.79,154.2
6/12/2024,29.42,26.39,33.05,26.82,0.82,84.5,2,202
6/13/2024,30.23,25.92,34.44,27.11,0.07,78.58,2.21,232.4
6/14/2024,30.72,26.27,35.43,27.32,1.33,78.59,1.98,218.8
6/15/2024,30.02,26.63,33.5,27.19,2.76,82.75,1.57,228.9
6/16/2024,30.2,26.26,34.93,27.08,2.69,81,1.71,193.4
6/17/2024,30.16,26.64,34.66,27.28,5.29,82.77,1.98,191.5
6/18/2024,29.44,26.57,32.9,27.51,1.35,85.23,1.83,168.4
6/19/2024,30.05,26.37,34.27,27.28,0.75,82.04,1.83,164.8
6/20/2024,30,25.96,34.14,26.95,1.31,80.39,1.85,167.8
6/21/2024,29.99,26.89,33.46,27.04,4.41,84.67,1.93,140.6
6/22/2024,29.42,27.16,32.49,26.96,5.96,88.18,2.96,144.7
6/23/2024,29.25,26.29,33.32,25.91,13.59,85.07,1.83,115.1
6/24/2024,28.42,25.76,31.84,25.97,25.87,86.29,1.49,110.1
6/25/2024,27.21,25.98,29.14,25.88,13.25,93.06,3.75,103.3
6/26/2024,27.95,26.16,30.81,25.66,21.72,90.34,3.16,126.4
6/27/2024,28.05,25.85,31.2,25.57,4.23,88.35,3.09,148.6
6/28/2024,29.1,26.64,32.89,26.47,4.77,87.35,3.42,160.5
6/29/2024,29.27,26.75,32.89,26.88,2.1,86.88,2.44,184.9
6/30/2024,29.76,26.43,33.68,26.4,4.35,83.02,2.26,214.2
7/1/2024,30.5,26.1,34.96,26.62,2.63,78.32,2.4,234.3
7/2/2024,29.03,25.96,32.76,26.41,16.5,84.53,2.17,145.5
7/3/2024,28.23,26.68,30.98,26.31,22.74,91.57,2.58,142.9
7/4/2024,27.99,26.05,31.59,25.24,4.03,89.73,2.98,157.1
7/5/2024,27.92,25.59,31.56,24.88,6.15,87.79,2.59,145
7/6/2024,28.66,26.37,32.37,25.71,3.09,88.04,3.44,151.8
7/7/2024,28.6,26.43,32.07,26,2.35,88.57,3.83,155.2
7/8/2024,28.93,26.29,33.16,25.97,1.14,86.58,3.01,159.8
7/9/2024,29.71,26.83,33.97,27.02,18.63,85.54,2.77,151.5
7/10/2024,29.34,26.78,33.38,26.31,10.35,86.9,2.43,162.1
7/11/2024,29.43,26.34,33.66,26.52,1.98,84.54,1.79,143.4
7/12/2024,29.71,26.04,34.06,26.52,7.13,82.16,1.76,145.3
7/13/2024,29.15,26.56,32.82,26.29,18.23,86.74,2.36,134.4
7/14/2024,28.34,26.48,31.75,25.97,17.64,90.05,2.94,102.5
7/15/2024,28.45,26.28,31.66,26.43,19.22,88.5,3.25,63.2
7/16/2024,28.18,26.17,31.25,25.75,27.2,89.2,2.85,82
7/17/2024,28.35,25.76,32.2,25.5,21.01,86.48,2.33,102
7/18/2024,28.08,26.06,31.04,25.8,38.61,89.32,2.27,113.5
7/19/2024,27.94,26.14,31.18,25.58,12.98,90.31,2.79,130.4
7/20/2024,28.25,26.69,30.9,25.57,10.64,91.44,2.26,113.1
7/21/2024,29,25.96,32.8,25.95,3.23,84.33,2.43,108.8
7/22/2024,27.86,24.89,31.02,25.13,6.47,84.29,2.86,331.1
7/23/2024,28.51,25.72,31.99,25.83,11.46,85.48,3.11,277
7/24/2024,28.6,26.12,31.53,25.99,13.87,86.72,2.06,268.7
7/25/2024,29.32,26.15,32.28,26.18,4.05,83.44,2.08,300.1
7/26/2024,31.07,26.24,36.11,27.03,0.09,76.83,2.24,248.5
7/27/2024,30.57,26.89,35.44,27.35,3.85,82.25,2.03,35.8
7/28/2024,29.15,26.96,32.45,26.62,8.05,88.61,1.66,114
7/29/2024,27.44,26.27,29.09,26.06,50.6,93.36,3.87,143.5
7/30/2024,27.24,25.78,30.25,25.12,26.87,91.86,5.65,180.2
7/31/2024,27.63,25.71,30.85,25.18,4.09,89.6,3.25,200.3
8/1/2024,28.09,25.32,32.46,25.4,16.9,85.8,2.68,186.3
8/2/2024,27.51,25.26,31.92,24.99,3.22,88.17,3.34,188
8/3/2024,28.04,25.66,31.51,25.39,1.25,87.53,2.69,144.5
8/4/2024,28.37,26.07,31.89,25.55,0.65,87.92,2.88,142.5
8/5/2024,28.48,26.28,31.9,25.92,0.22,88.38,2.11,149.1
8/6/2024,28.17,25.99,31.09,25.78,5.62,88.26,2.29,149.2
8/7/2024,29.55,26.12,33.71,26.29,8.42,83.02,1.95,168.9
8/8/2024,29.93,26.63,34.31,26.71,1.73,83.72,2.13,185.5
8/9/2024,30.69,26.57,35.85,27.42,1.35,80.1,2.14,215.3
8/10/2024,31.26,26.76,35.89,27.8,6.78,78.87,1.76,204.8
8/11/2024,28.8,27.21,30.94,26.4,18.89,91.24,1.7,22.4
8/12/2024,27.7,26.47,30.1,25.64,7.89,93.06,2.45,121.1
8/13/2024,28.14,25.56,30.77,25.44,12.57,86.22,1.31,356
8/14/2024,28.38,25.94,31.63,25.77,6.21,87.22,1.67,43.6
8/15/2024,27.59,26.2,29.55,25.72,4.51,92.16,2.36,21.1
8/16/2024,29.56,25.81,32.95,26.04,2.16,80.8,2.12,354.6
8/17/2024,29.73,26.05,33.42,26.34,2.7,81.66,1.23,136.7
8/18/2024,29.79,26.08,32.91,26.45,14.14,81.27,1.21,260
8/19/2024,30.06,26.34,33.22,26.77,13.9,81.28,1.36,252.4
8/20/2024,29.32,26.57,33.19,26.59,10.71,86.04,1.99,172.8
8/21/2024,28.24,26.74,30.39,26.82,8.7,91.73,3.08,146.8
8/22/2024,28.19,26.64,30.79,25.92,88.87,91.51,2.32,157
8/23/2024,27.65,26.1,30.06,25.6,18.84,91.46,1.73,162
8/24/2024,27.18,25.67,29.24,25.58,29.71,91.6,2.55,152.6
8/25/2024,27.5,25.46,31.02,25,3.29,89.14,2.27,157.8
8/26/2024,27.8,25.74,30.99,25.04,1.21,88.93,1.87,147.8
8/27/2024,28.04,25.3,31.13,25.91,0.9,85.49,1.49,151.2
8/28/2024,29.61,25.81,33.32,26.06,0.01,80.96,1.37,142.4
8/29/2024,29.5,26.54,33.1,26.61,12.02,84.84,1.27,123
8/30/2024,28.87,26.19,32.71,26.17,19.9,86.29,1.35,114.8
8/31/2024,28.29,25.76,31.57,25.16,1.89,86.59,1.52,101.4
9/1/2024,28.44,26.11,31.61,25.94,2.84,87.81,1.84,76
9/2/2024,28.87,25.84,31.77,25.97,0.79,84.15,1.27,91.1
9/3/2024,29.07,25.64,32.55,25.26,1.06,82.45,1.35,322.1
9/4/2024,29.63,25.83,33.91,26.13,0.26,81.07,1.74,241.9
9/5/2024,30.05,26.54,32.94,27.02,3.21,81.84,2.4,331.4
9/6/2024,29.17,26.44,32.33,25.99,15.31,85.42,5.12,349.5
9/7/2024,26.75,25.2,27.62,26.05,153.95,91.22,12.58,9.8
9/8/2024,28.29,26.93,31.2,26.72,24.92,92.43,6.96,131.4
9/9/2024,27.69,26.77,29.76,26.02,62.52,94.71,4.59,113.6
9/10/2024,24.63,23.7,27.56,22.86,48.53,94.69,3.44,2.9
9/11/2024,25.49,24.39,28.11,23.87,45.99,93.69,2.26,40
9/12/2024,27.19,24.72,30.25,24.7,2.88,86.62,1.84,31.4
9/13/2024,28.3,25.14,31.71,24.56,8.07,83.38,1.68,30.2
9/14/2024,27.78,25.98,30.29,25.6,5.2,90.02,1.86,42.9
9/15/2024,29.25,24.81,33.61,25.49,2.65,78.92,1.41,93.5
9/16/2024,28.07,25.36,31.83,24.62,6.51,85.72,2.52,17.9
9/17/2024,27.98,25.99,30.89,25.85,12.84,89.14,2.97,23.9
9/18/2024,27.49,25.45,30.55,24.9,9.14,88.89,3.14,6.6
9/19/2024,27.85,26.05,31.14,25.58,8.28,90.09,2.79,19.4
9/20/2024,28.35,26.16,30.7,25.54,9.23,88.04,2.04,47.7
9/21/2024,26.68,25.72,28.12,24.3,47.09,94.4,2.96,8.5
9/22/2024,23.82,22.5,25.64,21.85,17.71,92.19,4.42,21.6
9/23/2024,23.47,20.78,25.52,21.36,5.15,85,3.04,1.3
9/24/2024,25.33,21.19,29.14,21.59,0.01,78.61,2.08,28.6
9/25/2024,26.22,22.78,30.06,23.31,0,82.08,1.28,58
9/26/2024,27.13,23.83,32,23.42,0,83.52,1.54,156.6
9/27/2024,28,25.77,32.01,25.48,0,88.25,2.98,159.6
9/28/2024,28.43,26.62,32.37,25.87,1.42,90.35,3.07,151
9/29/2024,28.45,27.02,32.03,26.08,14.69,92.18,3.17,142.3
9/30/2024,28.02,26.74,31.19,23.78,26.4,92.88,4.01,112.2
10/1/2024,23.52,20.94,27.86,19.27,2.28,85.63,4.59,10.8
10/2/2024,21.8,18.33,26.18,17.68,0.02,81.57,3.24,21.4
10/3/2024,22.2,16.95,26.33,17.27,0,73.34,2.62,26.4
10/4/2024,22.23,17.45,26.28,17.15,0,75.2,2.02,12.5
10/5/2024,23.86,18.04,28.22,18.27,0,71.09,1.65,9.7
10/6/2024,24.73,20.88,29.28,20.34,0,80.05,2.61,22.5
10/7/2024,24.03,20.77,28.99,19.29,0,82.71,3.2,22.1
10/8/2024,23.99,20.19,28.69,19.55,0,80.17,2.3,40.8
10/9/2024,24.22,20.46,28.51,19.44,0,80.32,2.03,41.5
10/10/2024,24.42,20.3,28.9,19.59,0,78.79,1.87,44.5
10/11/2024,24.27,19.83,28.51,20.3,0,76.92,1.53,42.1
10/12/2024,25.15,22.27,29.53,22.34,0.01,85.05,1.52,138.6
10/13/2024,25.85,23.31,30.2,22.8,0.16,86.63,1.6,138.3
10/14/2024,26.25,23.81,30.08,23.42,2.05,87.07,1.53,121
10/15/2024,25.89,23.94,30.02,22.34,3.61,89.5,2.32,88.1
10/16/2024,25.72,23.18,29.61,23.31,2.92,86.41,1.94,75.5
10/17/2024,26.6,24.33,30.77,23.61,0.43,88.18,1.84,122.3
10/18/2024,26.54,24.37,30.76,23.31,1.19,88.5,2.14,143
10/19/2024,26.59,24.49,30.32,23.5,6.05,88.81,1.86,98.3
10/20/2024,26.19,23.98,29.89,23.53,2.44,88.16,2.42,90.3
10/21/2024,25.31,23.9,28.18,22.41,5.15,91.98,1.97,107.4
10/22/2024,25.18,22.29,30.21,19.17,0.62,84.26,3.69,27
10/23/2024,21.6,17.67,26.87,16.65,0.02,79.36,3.37,19.3
10/24/2024,22.19,16.88,27.67,16.44,0,73.26,2.36,14.3
10/25/2024,22.7,16.9,27.66,18.26,0,70.94,2.58,7.3
10/26/2024,21.98,17.24,26.62,18.28,1.38,75.52,4.56,0.3
10/27/2024,20.67,18.35,23.52,17.41,3.58,86.67,5.32,8.4
10/28/2024,19.47,16.6,22.38,17.49,2.05,83.89,3.79,2.1
10/29/2024,21.57,18.05,25.43,18.51,2.51,80.87,2.67,20.3
10/30/2024,23.92,20.02,28.09,19.67,0.06,79.48,1.92,9.9
10/31/2024,23.93,19.2,28.95,18.45,0,76.07,2.14,21.8
11/1/2024,21.48,16.55,27.99,15.49,0,75.38,3.37,23.7
11/2/2024,21.31,15.49,26.06,16.34,0.01,70.62,2.81,30.1
11/3/2024,22.16,18.44,26.98,18.38,0.25,80.49,2.39,24
11/4/2024,22.67,19.99,27.39,19.6,2.46,85.61,2.87,31
11/5/2024,21.15,18.25,23.35,18.8,3.33,83.88,2.42,14.6
11/6/2024,20.99,17.85,24.68,16.91,0.03,82.78,2.54,11.7
11/7/2024,21.55,17.03,26.46,15.62,0,76.48,2.21,41.4
11/8/2024,20.92,14.61,26.05,14.9,0,68.48,1.87,2.7
11/9/2024,21.37,15.17,26.5,15.43,0,69.02,1.95,354.6
11/10/2024,22.53,16.72,27.5,17.61,0,70.76,2.15,352.6
11/11/2024,24.33,19.47,29.12,19.7,0,75.34,1.6,338.3
11/12/2024,24.18,21.2,29.29,20.3,0,84.41,1.78,163.6
11/13/2024,24.35,21.58,29.61,20.73,0,85.74,1.75,164.5
11/14/2024,25.21,22.53,29.97,22.02,0,86.08,1.32,150.9
11/15/2024,25.87,23.15,31.25,22.31,0,86.07,1.54,149.3
11/16/2024,24.8,22.31,29.64,21.29,0,86.85,1.55,125.2
11/17/2024,24.68,20.87,29.61,19.1,0.01,80.45,1.76,77.9
11/18/2024,22.08,18.6,25.74,17.81,0.01,81.28,2.34,36.8
11/19/2024,20.86,17.04,26.08,15.65,0,79.8,2.86,37.4
11/20/2024,18.62,15.1,23.88,13.64,0,80.97,2.88,31.6
11/21/2024,18.58,14.4,24.22,12.99,0,78.05,2.63,34.2
11/22/2024,18.74,14.46,23.44,14.17,0.01,77.26,2.65,38.7
11/23/2024,19.53,16.2,23.8,16.11,0,81.96,1.96,88.3
11/24/2024,20.91,18.81,25.38,17.52,0.02,88.43,1.93,100.4
11/25/2024,21.6,19.1,26.6,15.5,1.04,86.09,3.12,39.8
11/26/2024,16.84,13.65,19.85,14.23,0.08,81.97,3.04,25.4
11/27/2024,15.65,11.67,20.09,12.96,0.27,77.94,3.73,23.9
11/28/2024,16.12,11.45,21.23,11.61,0,75.15,3.25,16.7
11/29/2024,17.09,10.15,21.97,11.19,0,64.97,2.25,6.3
11/30/2024,17.79,11.74,23.36,13.54,0,69.39,1.6,138.8
12/1/2024,19.22,16.07,24.49,15.38,0,83.09,2.07,141
12/2/2024,20.62,18.71,25.25,17.85,0.02,88.78,2.06,125
12/3/2024,21.61,19.86,26.27,18.29,0.09,89.87,2.71,132
12/4/2024,20.83,18.35,26.05,17.31,0.15,86.52,2.99,134.1
12/5/2024,21.2,18.99,25.81,18.25,0.21,87.95,2.52,110.9
12/6/2024,19.69,17.98,23.94,15.32,1.4,90.24,3.93,70.1
12/7/2024,15.78,12.83,20,12.12,0.18,82.76,4.08,32.9
12/8/2024,14.91,11.11,19.23,11.46,0.01,79.13,2.43,34.1
12/9/2024,16.98,14.39,21.18,12.94,0.01,85.95,1.78,101.1
12/10/2024,20.05,18.45,24.7,16.1,0.19,90.16,2.17,124.6
12/11/2024,16.53,13.62,22.87,11.31,0.38,83.57,4,46
12/12/2024,15.11,11.82,19.73,11.29,0.03,81.59,3.12,43.5
12/13/2024,13.46,8.69,18.67,9.21,0.07,73.59,4.09,30.5
12/14/2024,12.18,7.04,16.13,9.12,0.17,71.65,3.28,43.7
12/15/2024,10.31,5.87,13.2,7.58,0.2,75.44,2.25,351.5
12/16/2024,13.75,5.98,19.12,7.84,0,61.07,1.79,10.7
12/17/2024,15.46,10.75,21.41,9.33,0.01,75.16,1.79,47.2
12/18/2024,14.94,9.54,21.65,7.52,0,71.76,2.83,29.2
12/19/2024,13.86,7.84,20.02,6.89,0,69.24,2.32,46.5
12/20/2024,13.43,9.22,19.52,8.83,0,78.01,2.15,88.2
12/21/2024,13.76,8.87,20.15,7.71,0.01,73.95,2.51,17.4
12/22/2024,14.53,8.27,19.48,8.57,0,67.47,1.77,46.3
12/23/2024,14.13,8.77,19.95,8.57,0,71.64,2.56,32.5
12/24/2024,14.44,8.49,19.46,8.56,0,68.92,2.1,24.3
12/25/2024,15.67,11.83,21.94,10.81,0,79.71,1.97,93.6
12/26/2024,16.9,12.77,22.46,11.55,0.08,78.09,2.56,32.3
12/27/2024,15.51,11.8,20.25,11.48,0.59,79.27,3.91,28.2
12/28/2024,14.2,7.3,19.74,6.64,0.02,65.47,2.79,34.9
12/29/2024,14.22,10.47,20.09,9.07,0,80.52,1.96,115
12/30/2024,16,13.47,20.58,12.05,0.05,85.62,2.16,38.3
12/31/2024,15.42,11.72,21.31,10.33,0.01,80.08,2.55,350.8
1/1/2025,16.4,13.03,22.65,11.36,0,81.89,1.54,112.2
1/2/2025,17.66,13.23,23.21,11.79,0.01,76.86,1.64,36.1
1/3/2025,17.52,12.09,23.1,12.68,0,71.98,2.09,69.2
1/4/2025,16.58,12.89,22.47,12.74,0.01,80.82,2.36,100.5
1/5/2025,16.9,10.78,21.57,11.36,0,68.09,1.75,22.3
1/6/2025,16.17,12.06,22.03,12.62,0,78.26,1.63,109.7
1/7/2025,17.13,14.85,22.51,13.67,0,86.66,2.11,115.1
1/8/2025,17.12,14.94,21.41,13.24,0.03,87.51,2.65,85.9
1/9/2025,14.76,9.75,19.81,9.85,0.04,72.48,4.03,33.6
1/10/2025,12.03,6.55,17.62,7.85,0.01,70.52,3.72,40.6
1/11/2025,10.93,4.21,17.02,5,0.01,65.02,3.54,24.6
1/12/2025,12.55,3.45,18.17,7.12,0,55.15,2.04,50.5
1/13/2025,13.34,8.88,19.69,7.82,0,76.81,1.97,129.3
1/14/2025,16.49,12.64,22.42,10.84,0.06,79.62,1.63,29.7
1/15/2025,14.23,9.3,19.3,7.7,0.01,73.79,2.69,25.2
1/16/2025,15.24,7.88,21.01,8.27,0,63.21,2.08,35.8
1/17/2025,14.03,10.03,20.59,9.8,0,79.92,2.13,116.1
1/18/2025,15.8,13.5,20.64,11.46,0.01,86.54,1.76,116.2
1/19/2025,16.31,13.04,22.06,11.75,0,82.43,1.44,151.4
1/20/2025,16.99,12.99,22.35,12.25,0,78.64,1.4,108.6
1/21/2025,16.59,12.94,23.18,12.42,0,80.89,2.52,129.4
1/22/2025,18.23,15.91,23.94,14.62,0.01,86.79,2.5,133.3
1/23/2025,18.01,16.42,23.33,13.83,0.02,88.96,3.12,142.7
1/24/2025,19.93,17.84,26.33,16.17,0.03,87.41,3.43,143.9
1/25/2025,20.15,16.62,26.97,12.2,5.23,81.01,4.49,70.8
1/26/2025,11.66,6.73,15.34,6.94,0.3,72.77,4.77,28.1
1/27/2025,12.12,3.45,17.43,5.62,0.06,58.25,2.63,47.3
1/28/2025,12.79,4.08,18.28,7.05,0.01,57.27,2,46.9
1/29/2025,13.87,9.43,19.93,9.89,0,77.24,1.82,136.7
1/30/2025,17.06,14.69,22.96,12.56,0.03,85.93,3.21,152.8
1/31/2025,19.41,17.13,26.14,14.95,0.19,86.65,3.62,154.6
2/1/2025,19.85,17.61,26.35,15.28,0.08,87.15,3.03,132.9
2/2/2025,18.18,14.81,24.33,11.71,0.22,81.35,3.99,61.4
2/3/2025,13.04,8.26,18.16,8.52,0.15,74.02,3.98,29.9
2/4/2025,13.34,7.79,19.06,10.24,0,71.74,2.73,91.3
2/5/2025,15.81,12.98,20.21,12.62,0.42,84.68,2.72,119.1
2/6/2025,16.94,14.52,22.33,11.27,2.76,86.13,3.63,71.1
2/7/2025,12.92,8.61,17.29,9.04,0.18,76.01,3.84,33.5
2/8/2025,11.54,5.49,16.98,6.55,0.04,68.08,3.38,39.6
2/9/2025,12.43,6.55,18.03,8.7,0,69.91,2.16,106.7
2/10/2025,14.4,11.58,18.87,11.22,0,84.08,2.18,127.1
2/11/2025,17.64,15.09,24.47,13.88,0.05,85.6,2.95,142.6
2/12/2025,19.64,15.84,26.42,12.43,0.05,79.67,2.5,70.8
2/13/2025,17.56,13.53,24.25,13.68,0.01,79.48,2.41,114.8
2/14/2025,19.81,17.34,25.42,16.37,0.15,86.77,3.14,132.9
2/15/2025,21.67,18.94,27.97,17.33,1.9,85.7,3.72,127.9
2/16/2025,18.54,16.39,22.43,15.25,1.73,87.95,3.15,72.8
2/17/2025,18.92,16.63,23.83,14.93,1.68,87.23,2.89,98.5
2/18/2025,16.6,14.49,20.46,14.53,1.2,88.03,2.21,84.4
2/19/2025,18.57,16.65,22.85,15.57,1.62,89.14,2.86,111.4
2/20/2025,19.87,17.39,25.41,16.25,0.76,86.75,2.97,129.1
2/21/2025,18.83,16.85,22.88,16.13,1.18,88.75,3.49,99.7
2/22/2025,19.69,17.21,25.46,15.84,0.95,86.47,3.52,108.5
2/23/2025,14.99,11.49,18.04,11.3,0.71,79.95,4.3,42.3
2/24/2025,13.4,10.09,16.55,11.51,3.46,81.46,2.18,16.3
2/25/2025,15.25,13.53,18.23,12.59,5.12,89.81,1.94,59
2/26/2025,15.61,13.67,19.73,13.22,0.87,88.89,1.88,111.6
2/27/2025,19.44,17.05,25.86,15.6,0.09,86.82,2.34,143.7
2/28/2025,21.68,18.9,28.74,17.17,0.06,85.34,4.1,153.6
3/1/2025,23.17,20.03,31.22,17.77,0.45,84.08,4.53,149.6
3/2/2025,24.52,20.95,32.84,19.3,0.44,83,3,142.9
3/3/2025,25.11,21.19,32.81,19.84,0.14,81.69,1.81,127.4
3/4/2025,24.51,20.93,31.28,19.04,0.1,82.57,3.19,114.8
3/5/2025,20.58,16.22,27.49,11.9,0.72,77.07,4.38,76.8
3/6/2025,14.24,8.93,18.51,11.12,0.67,71.27,4.69,42.9
3/7/2025,15.26,10.43,19.38,11.97,0.14,74.78,2.8,83.2
3/8/2025,15.91,13.15,20.01,13.2,0.15,84.68,2.08,102.8
3/9/2025,19.01,16.41,24.07,15.48,0.55,85.95,2.44,115.1
3/10/2025,20.98,17.99,27.44,16.57,0.16,84.51,2.81,137.8
3/11/2025,22.73,19.77,29.06,18.95,0.35,84.64,3.84,148.7
3/12/2025,24.23,21.34,30.21,20.52,1.9,85.07,4.26,143.5
3/13/2025,24.4,21.89,30.12,20.38,2.88,86.86,4.48,145.4
3/14/2025,25.85,22.34,32.5,21.15,0.32,82.97,3.11,142
3/15/2025,22.82,17.64,31.28,14.38,2.01,73.03,4.75,53.5
3/16/2025,17.17,11.28,23.1,11.72,0.07,71.07,3.39,54.7
3/17/2025,17.05,11.32,22.47,13.08,0.29,71.47,2.92,86.5
3/18/2025,15.83,10.5,20.51,12.2,0.29,72.17,3.39,12.9
3/19/2025,17.11,9.93,23.42,11.07,0,66.05,3.13,5.7
3/20/2025,18.9,10.01,25.23,13.47,0,59.23,2.23,41
3/21/2025,19.3,11.63,26.5,14.38,0,64.72,2.21,156.9
3/22/2025,19.75,14.17,26.06,15.33,0,73.61,2.27,143.5
3/23/2025,21.03,16.48,27.42,16.45,0.03,77.82,1.89,138.5
3/24/2025,22.26,18.54,28.3,17.9,0.09,81.37,1.78,151.6
3/25/2025,23.34,20.3,29.77,18.98,0.42,84.35,2.66,149.1
3/26/2025,24.42,21.06,32.16,18.86,0.23,83.27,3.33,146.8
3/27/2025,26.09,21.84,34.73,20.14,0.08,80.95,2.76,142.9
3/28/2025,24.88,20.27,32.34,15.58,4.95,76.81,3.75,63.2
3/29/2025,16.76,11.45,22.26,11.61,4.46,72.07,4.76,63.1
3/30/2025,15.03,9.86,19.73,11.28,0.06,72.71,3.4,50
3/31/2025,16.09,10.95,20.51,12.45,0.1,73.11,2.24,53.4
4/1/2025,18.19,11.3,23.73,13.89,0.01,66.32,1.86,57.3
4/2/2025,19.97,13.66,25.98,15.34,0,69.43,1.9,117.4
4/3/2025,20.05,14.69,26.56,15.06,0,74.71,2.6,142.9
4/4/2025,21.66,18.21,27.41,18.35,0.22,82.21,3.47,131.8
4/5/2025,21.92,19.28,26.18,18.86,2.35,85.77,2.24,102.3
4/6/2025,21.63,19.13,25.16,18.89,2.33,86.46,2.31,121.7
4/7/2025,23.41,20.65,28.42,20.15,0.66,85.44,2.66,136
4/8/2025,24.36,21.52,30.17,19.99,0.01,85.28,3.22,144.9
4/9/2025,25.33,21.86,31.55,21.18,0.17,82.56,3.78,140.6
4/10/2025,25.58,22.18,31.57,21.58,0.19,83.08,2.69,129
4/11/2025,27.44,23.07,34.85,23.24,0.3,79.69,3,156
4/12/2025,23.47,16.74,29.37,17.81,7.67,67.58,5.22,8.3
4/13/2025,20.58,14.32,24.79,17.55,1.84,69.18,2.2,110.5
4/14/2025,21.9,15.41,26.45,17.87,0.03,68.15,1.77,288.4
4/15/2025,23.72,16.21,31.85,18.49,0,67.27,2.16,159.9
4/16/2025,24.37,19.01,31.12,20.51,0.02,75.21,3.23,147.3
4/17/2025,26.89,22.85,33.83,22.17,0.38,80.89,2.44,134.1
4/18/2025,28.27,23.55,34.21,24.33,0.2,77.4,2.26,169.6
4/19/2025,28.95,23.35,36.65,23.87,0.38,75.26,2.62,152.5
4/20/2025,29.35,23.91,36.87,24.1,0.51,75.82,3.29,159.6
4/21/2025,29.58,24.24,36.83,24.09,0.31,76.26,3.4,163.4
4/22/2025,30.19,23.99,37.99,24.88,0.32,73.07,2.4,168.9
4/23/2025,30.56,23.87,38.22,25.02,0.21,71.17,2.78,127.5
4/24/2025,28.83,24.01,35.27,21.94,5.43,76.9,3.44,90.8
4/25/2025,24.94,21.17,29.1,22.52,12.79,80.89,2.83,82
4/26/2025,26.87,23.39,31.88,23.65,0.45,82.59,3.52,141
4/27/2025,27.18,24.27,32,23.6,2.85,85.11,3.07,126.3
4/28/2025,24.18,21.82,27.43,21.3,9.13,87,2.91,10.9
4/29/2025,25.84,22.17,30.31,22.63,4.54,81.67,1.77,120.3
4/30/2025,26.09,23.48,29.97,23.42,14,86.28,1.4,120
5/1/2025,25.64,21.35,30.16,21.3,4.98,78.25,2.18,336.7
5/2/2025,26.88,23.23,31.83,23.1,1.31,82.07,1.59,144
5/3/2025,27.2,24.76,32.03,24.46,3.67,87.35,1.95,126.2
5/4/2025,28.21,25.59,33.39,24.96,2.78,86.75,2.09,139.1
5/5/2025,29,26.13,34.48,25.86,2.95,85.75,1.9,111.1
5/6/2025,28.09,26.04,32.75,25.58,3.74,89.28,2.18,106.9
5/7/2025,28.54,26.46,33.39,26.07,2.77,89.19,2.02,129.1
5/8/2025,29.73,26.76,35.79,26.24,2.07,85.44,1.9,124.6
5/9/2025,28.39,26.49,32.07,25.49,8.75,89.91,1.96,65.7
5/10/2025,25.84,23.69,30.7,19.63,85.49,88.31,2.93,56.8
5/11/2025,22.76,18.16,27.27,18.71,0.07,75.92,2.09,358.1
5/12/2025,24.39,18.88,29.28,20.31,0,73.01,1.46,126.9
5/13/2025,25.72,21.96,30.54,21.87,0.13,81,2.08,137.6
5/14/2025,26.42,24.3,30.3,24.23,12.14,88.67,1.97,137.1
5/15/2025,26.12,24.87,29.2,24.69,39.3,93.13,1.83,133.5
5/16/2025,26.38,25.29,28.83,25.09,14.59,93.98,1.99,135
5/17/2025,26.29,25.22,28.52,24.97,8.41,94.08,1.44,148.5
5/18/2025,27.24,25.61,30.23,25.53,12.12,91.25,1.59,127.9
5/19/2025,27.89,25.9,32.31,25.8,11.18,89.55,2.11,137.6
5/20/2025,28.05,26.08,32.46,25.94,8.13,89.62,2.17,138.7
5/21/2025,28.55,26.28,33.1,25.91,3.52,88.31,2.1,134.3
5/22/2025,28.54,26.36,33.2,26.03,8.24,88.77,2.34,138.9
5/23/2025,27.35,25.81,30.43,24.55,27.7,91.59,1.76,44
5/24/2025,23.62,21.58,26.09,21.38,3.03,88.67,2.53,346.4
5/25/2025,24,20.19,27.51,19.91,0.14,79.88,2.28,23.2
5/26/2025,24.46,20.6,27.37,21.82,1.23,79.83,1.49,48.3
5/27/2025,24.16,22.6,25.33,22.21,3.91,91.23,0.86,51.7
5/28/2025,26.75,24.73,31.01,24.1,19.14,89.32,1.68,139.4
5/29/2025,25.75,24.25,28.74,22.24,15.24,91.72,1.62,54.8
5/30/2025,26.46,24.39,29.71,22.78,0.61,88.87,1.73,145.8
5/31/2025,29,26.48,34.16,25.99,3.04,87.19,2.12,150.7
6/1/2025,31.82,26.5,36.71,28.27,3.47,74.23,2.21,224.6
6/2/2025,31.55,27,36.62,27.33,5.89,78.79,1.55,68.7
6/3/2025,27.53,25.59,32.14,24.77,31.94,89.64,2.2,113.3
6/4/2025,26.96,25.06,30.09,24.55,21.18,89.7,1.03,49.8
6/5/2025,28.11,25.81,32.58,25.23,7.84,88.06,1.46,138.5
6/6/2025,29.09,26.51,33.85,26.06,8.11,86.86,2.07,137.8
6/7/2025,29.49,27.04,33.99,26.81,10.03,87.53,2,128.4
6/8/2025,29.27,27.22,32.81,27.05,16.18,89.27,1.18,79.5
6/9/2025,27.84,26.06,29.2,25.84,12.41,90.19,0.78,63.9
6/10/2025,26.38,24.42,29.15,24.3,16.05,89.14,2.04,313.9
